elevation_m,area_m2,volume_m3
953.0383911132812,865.3499632232697,0.0
953.5383911132812,865.3499632232697,432.67498161163485
954.0383911132812,2596.049889669809,1298.0249448349045
954.5383911132812,6057.449742562888,3461.399852893079
955.0383911132812,11249.549521902507,7788.149669009427
955.5383911132812,19903.049154135202,15576.299338018855
956.0383911132812,34613.99852893079,29205.561258785354
956.5383911132812,55382.39764628926,51704.66030259037
957.0383911132812,81342.89654298735,85885.98384990952
