elevation_m,area_m2,volume_m3
840.868408203125,870.8716099910392,0.0
841.368408203125,6966.972879928314,1959.4611224798382
841.868408203125,9579.587709901432,6096.101269937275
842.368408203125,18288.303809811823,13063.074149865588
842.868408203125,20900.91863978494,22860.37976226478
843.368408203125,25255.276689740138,34399.42859464605
843.868408203125,27867.891519713256,47680.220647009395
