elevation_m,area_m2,volume_m3
704.617431640625,864.9212241229243,0.0
705.117431640625,864.9212241229243,432.46061206146214
705.617431640625,2594.763672368773,1297.3818361843864
706.117431640625,7784.291017106319,3892.1455085531593
706.617431640625,14703.660810089714,9514.133465352168
707.117431640625,25082.715499564805,19460.727542765795
707.617431640625,32002.0852925482,33731.927740794046
