elevation_m,area_m2,volume_m3
808.03759765625,872.9495990669836,0.0
808.53759765625,3491.7983962679345,1091.1869988337296
809.03759765625,6983.596792535869,3710.03579603468
809.53759765625,8729.495990669837,7638.3089918361065
810.03759765625,10475.395188803803,12439.531786704516
810.53759765625,12221.29438693777,18113.70418063991
