elevation_m,area_m2,volume_m3
666.0751953125,861.5534592755366,0.0
666.5751953125,861.5534592755366,430.7767296377683
667.0751953125,1723.1069185510732,1076.9418240944208
667.5751953125,7753.98113347983,3446.2138371021465
668.0751953125,12923.30188913305,8615.534592755366
668.5751953125,24985.05031899056,18092.622644786272
669.0751953125,33600.58491174593,32739.031452470394
669.5751953125,52554.76101580774,54277.86793435881
670.0751953125,85293.79246827813,88740.00630538027
