elevation_m,area_m2,volume_m3
700.641357421875,865.2668689620863,0.0
701.141357421875,865.2668689620863,432.63343448104314
701.641357421875,1730.5337379241726,1081.5835862026079
702.141357421875,3461.067475848345,2379.4838896457372
702.641357421875,6056.868082734604,4758.9677792914745
703.141357421875,12113.736165469209,9301.618841342428
703.641357421875,12979.003034431295,15574.803641317554
