elevation_m,area_m2,volume_m3
2033.2657470703125,897.0355928931847,0.0
2033.7657470703125,2691.106778679554,897.0355928931847
2034.2657470703125,8970.355928931847,3812.401269796035
2034.7657470703125,16146.640672077325,10091.650420048329
2035.2657470703125,24219.961008115988,20183.300840096657
2035.7657470703125,33190.316937047835,34535.87032638761
2036.2657470703125,38572.53049440694,52476.5821842513
2036.7657470703125,44851.77964465923,73332.65971901784
