elevation_m,area_m2,volume_m3
2357.26416015625,904.933538596631,0.0
2357.76416015625,1809.867077193262,678.7001539474733
2358.26416015625,1809.867077193262,1583.6336925441042
2358.76416015625,3619.734154386524,2941.034000439051
2359.26416015625,5429.601231579786,5203.367846930629
2359.76416015625,11764.136001756204,9501.802155264626
