elevation_m,area_m2,volume_m3
809.6182861328125,864.2017490495651,0.0
810.1182861328125,3456.8069961982605,1080.2521863119564
810.6182861328125,11234.622737644348,4753.109619772608
811.1182861328125,26790.25422053652,14259.328859317826
811.6182861328125,52716.30669202347,34135.96908745782
812.1182861328125,79506.56091255999,67191.68598860368
812.6182861328125,107161.01688214608,113858.58043728021
