elevation_m,area_m2,volume_m3
966.1747436523438,877.5803678974668,0.0
966.6747436523438,8775.803678974667,2413.3460117180334
967.1747436523438,22817.089565334136,10311.569322795234
967.6747436523438,31592.893244308805,23914.06502520597
968.1747436523438,54409.98280964294,45414.784038693906
968.6747436523438,66696.10796020748,75691.30673115651
969.1747436523438,78982.23311077201,112110.89199890138
