elevation_m,area_m2,volume_m3
2372.5,1810.8888837811169,0.0
2373.0,3621.7777675622337,1358.1666628358375
2373.5,4527.222209452792,3395.416657089594
2374.0,6338.111093233909,6111.749982761269
2374.5,7243.5555351244675,9507.166639850864
2375.0,9054.444418905585,13581.666628358376
2375.5,14487.111070248935,19467.055500647006
2376.0,23541.555489154518,28974.22214049787
2376.5,26257.888814826194,41424.08321649305
2377.0,28068.77769860731,55005.74984485142
