elevation_m,area_m2,volume_m3
1162.5,0.0,0.0
1163.0,1710.9271914147496,427.7317978536874
1163.5,2566.3907871221245,1497.0612924879058
1164.0,3421.854382829499,2994.122584975812
1164.5,5132.781574244249,5132.781574244249
1165.0,10265.563148488498,8982.367754927436
1165.5,12831.953935610622,14756.747025952216
1166.0,16253.80831844012,22028.187589464902
1166.5,19675.66270126962,31010.555344392335
1167.0,24808.44427551387,42131.582088588206
1167.5,24808.44427551387,54535.80422634514
