elevation_m,area_m2,volume_m3
955.0,0.0,0.0
955.5,871.9116567703093,217.97791419257732
956.0,5231.469940621855,1743.8233135406185
956.5,18310.144792176496,7629.226996740206
957.0,28773.084673420206,19400.03436313938
957.5,55802.34603329979,40543.89203981938
958.0,81959.69573640908,74984.4024822466
958.5,130786.7485155464,128171.01354523547
959.0,212746.44425195546,214054.31173711095
