elevation_m,area_m2,volume_m3
1095.919189453125,850.7361801926386,0.0
1096.419189453125,3402.9447207705543,1063.4202252407981
1096.919189453125,5955.153261348471,3402.9447207705543
1097.419189453125,11059.570342504301,7656.625621733747
1097.919189453125,12761.04270288958,13611.778883082217
1098.419189453125,15313.251243467494,20630.352369671484
1098.919189453125,16163.987423660134,28499.66203645339
