elevation_m,area_m2,volume_m3
729.5,864.0863909789915,0.0
730.0,1728.172781957983,648.0647932342437
730.5,1728.172781957983,1512.1511842132352
731.0,3456.345563915966,2808.2807706817225
731.5,8640.863909789916,5832.583139108193
732.0,13825.382255663864,11449.144680471638
732.5,16417.64142860084,19009.900601537815
733.0,20738.073383495797,28298.829304561972
733.5,26786.678120348737,40180.01718052311
734.0,31107.110075243694,54653.46422942122
