elevation_m,area_m2,volume_m3
1707.5,0.0,0.0
1708.0,1778.8975757548135,444.7243939387034
1708.5,5336.692727264441,2223.621969693517
1709.0,8894.487878774067,5781.417121203143
1709.5,10673.385454528881,10673.385454528881
1710.0,14231.180606038508,16899.52696967073
1710.5,20457.322121180354,25571.652651475444
1711.0,26683.4636363222,37356.84909085109
1711.5,32909.60515146405,52255.116287797646
1712.0,35577.95151509627,69377.00545443772
