elevation_m,area_m2,volume_m3
704.5,0.0,0.0
705.0,864.9212241229243,216.23030603073107
705.5,2594.763672368773,1081.1515301536554
706.0,7784.291017106319,3675.9152025224284
706.5,12108.89713772094,8649.212241229243
707.0,24217.79427544188,17730.88509451995
707.5,32002.0852925482,31785.85498651747
