elevation_m,area_m2,volume_m3
677.9996948242188,857.365536366792,0.0
678.4996948242188,2572.0966091003756,857.365536366792
678.9996948242188,5144.193218200751,2786.437993192074
679.4996948242188,6001.5587545675435,5572.875986384148
679.9996948242188,7716.289827301128,9002.338131851317
680.4996948242188,12003.117509135087,13932.18996596037
680.9996948242188,17147.31072733584,21219.7970250781
681.4996948242188,18862.041800069423,30222.135156929417
681.9996948242188,24006.235018270174,40939.20436151432
