elevation_m,area_m2,volume_m3
2357.5,1809.867077193262,0.0
2358.0,1809.867077193262,904.933538596631
2358.5,1809.867077193262,1809.867077193262
2359.0,5429.601231579786,3619.734154386524
2359.5,9049.335385966311,7239.468308773048
2360.0,11764.136001756204,12442.836155703677
