elevation_m,area_m2,volume_m3
2028.0,0.0,0.0
2028.5,1794.2350153565264,448.5587538391316
2029.0,2691.3525230347896,1569.9556384369607
2029.5,4485.587538391316,3364.1906537934874
2030.0,4485.587538391316,5606.984422989146
2030.5,4485.587538391316,7849.778192184804
2031.0,6279.822553747843,10541.130715219593
2031.5,8971.175076782632,14353.880122852212
