elevation_m,area_m2,volume_m3
808.0,0.0,0.0
808.5,3491.7983962679345,872.9495990669836
809.0,6983.596792535869,3491.7983962679345
809.5,7856.546391602853,7201.834192302615
810.0,9602.44558973682,11566.582187637534
810.5,12221.29438693777,17022.517181806183
