elevation_m,area_m2,volume_m3
959.5,0.0,0.0
960.0,3517.320347871807,879.3300869679517
960.5,7034.640695743614,3517.320347871807
961.0,11431.291130583373,8133.803304453554
961.5,20224.592000262888,16047.774087165119
962.0,28138.562782974455,28138.562782974455
962.5,35173.20347871807,43966.50434839759
963.0,43087.17426142964,63531.598783434514
963.5,54518.46539201301,87933.00869679518
964.0,59794.44591382072,116511.23652325361
964.5,62432.43617472457,147067.95704538992
