elevation_m,area_m2,volume_m3
672.5,857.3890650850217,0.0
673.0,1714.7781301700434,643.0417988137663
673.5,2572.167195255065,1714.7781301700434
674.0,4286.945325425108,3429.5562603400867
674.5,6859.1125206801735,6216.070721866407
675.0,7716.501585765195,9859.974248477749
675.5,8573.890650850217,13932.572307631603
676.0,12860.835976275324,19291.253964412987
676.5,15433.00317153039,26364.713751364416
677.0,16290.392236615411,34295.56260340087
