elevation_m,area_m2,volume_m3
2370.0,905.7007782942696,0.0
2370.5,4528.503891471348,1358.5511674414042
2371.0,9962.708561236966,4981.354280618483
2371.5,15396.913231002583,11321.259728678371
2372.0,16302.614009296853,19246.141538753232
2372.5,19019.716344179662,28076.72412712236
