elevation_m,area_m2,volume_m3
809.5,0.0,0.0
810.0,2592.6052471486955,648.1513117871739
810.5,9506.219239545217,3672.857433460652
811.0,21605.043726239128,11450.673174906737
811.5,44074.28920152782,27870.506406848475
812.0,69136.13992396521,56173.11368822173
812.5,100247.40288974956,98518.99939165043
813.0,119259.84136883999,153395.81045629783
