elevation_m,area_m2,volume_m3
1964.0,897.430803203836,0.0
1964.5,897.430803203836,448.715401601918
1965.0,897.430803203836,897.430803203836
1965.5,3589.723212815344,2019.219307208631
1966.0,3589.723212815344,3814.0809136163034
1966.5,5384.584819223016,6057.657921625893
1967.0,5384.584819223016,8749.950331237402
1967.5,6282.015622426852,11666.600441649869
1968.0,8076.877228834524,15256.323654465214
1968.5,8076.877228834524,19294.762268882478
1969.0,8974.30803203836,23557.558584100698
