elevation_m,area_m2,volume_m3
786.0,0.0,0.0
786.5,2586.94366597951,646.7359164948775
787.0,14659.347440550559,4958.308693127395
787.5,50876.558764263704,21342.28524433096
788.0,126760.239632996,65751.48484364589
788.5,283701.4887024196,168366.91692749978
789.0,504454.0148660045,365405.7928196058
789.5,821785.7712261578,696965.7393426464
790.0,1262428.508998001,1218019.309398686
