elevation_m,area_m2,volume_m3
1110.5,851.0488767273771,0.0
1111.0,2553.146630182131,851.0488767273771
1111.5,3404.1955069095084,2340.384411000287
1112.0,4255.244383636886,4255.244383636886
1112.5,5957.342137091639,6808.391013819017
1113.0,10212.586520728524,10850.873178274058
1113.5,10212.586520728524,15957.16643863832
