elevation_m,area_m2,volume_m3
-2.5,0.0,0.0
-2.0,1758.1651616406414,439.54129041016034
-1.5,2637.247742460962,1538.3945164355612
-1.0,5274.495484921924,3516.3303232812823
-0.5,11428.073550664169,7691.972582177806
0.0,27251.560005429943,17361.88097120133
0.5,44833.21162183635,35383.07387801791
1.0,87029.17550121175,68348.67065877994
1.5,134499.63486550906,123730.87325046014
2.0,204826.24133113472,208562.3422996211
2.5,279548.260700862,329655.9678076203
3.0,403498.9045965272,500417.7591319676
