elevation_m,area_m2,volume_m3
821.0,1727.6355567489684,0.0
821.5,1727.6355567489684,863.8177783744842
822.0,3455.2711134979368,2159.5444459362106
822.5,5182.906670246905,4319.088891872421
823.0,6046.7244486213895,7126.496671589495
823.5,7774.360005370358,10581.767785087432
824.0,10365.81334049381,15116.811121553474
824.5,11229.631118868294,20515.672236394
