elevation_m,area_m2,volume_m3
736.5,864.3808765279123,0.0
737.0,3457.523506111649,1080.4760956598902
737.5,4321.904382639561,3025.3330678476927
738.0,11236.95139486286,6915.047012223298
738.5,14694.474900974508,13397.90358618264
