elevation_m,area_m2,volume_m3
2338.5,0.0,0.0
2339.0,904.8090217972027,226.20225544930068
2339.5,2714.4270653916083,1131.0112772465034
2340.0,4524.0451089860135,2940.629320840909
2340.5,12667.326305160837,7238.472174377622
2341.0,21715.416523132866,15834.157881451047
2341.5,30763.50674110489,28953.888697510487
2342.0,37097.16989368531,45919.05785620803
2342.5,39811.59695907692,65146.24956939859
