elevation_m,area_m2,volume_m3
2479.5,905.2532905328575,0.0
2480.0,905.2532905328575,452.62664526642874
2480.5,2715.7598715985723,1357.8799357992862
2481.0,3621.01316213143,2942.0731942317866
2481.5,4526.2664526642875,4978.893097930716
2482.0,8147.279614795717,8147.279614795717
2482.5,10863.03948639429,12899.859390093217
2483.0,10863.03948639429,18331.379133290364
