elevation_m,area_m2,volume_m3
2380.5,0.0,0.0
2381.0,4528.339766784182,1132.0849416960455
2381.5,5434.007720141018,3622.671813427345
2382.0,9056.679533568364,7245.34362685469
2382.5,9056.679533568364,11773.683393638872
2383.0,10868.015440282035,16754.85713710147
2383.5,14490.68725370938,23094.532810599325
2384.0,14490.68725370938,30339.876437454015
