elevation_m,area_m2,volume_m3
2100.5,896.0257939046189,0.0
2101.0,2688.077381713857,896.0257939046189
2101.5,5376.154763427714,2912.0838301900117
2102.0,8960.257939046189,6496.187005808488
2102.5,10752.309526855428,11424.328872283892
2103.0,14336.412702473903,17696.509429616224
2103.5,19712.567465901615,26208.754471710105
2104.0,22400.644847615473,36737.057550089376
2104.5,25088.72222932933,48609.399319325574
2105.0,26880.773817138568,61601.77333094255
