elevation_m,area_m2,volume_m3
755.0,0.0,0.0
755.5,1723.0536460997835,430.76341152494587
756.0,2584.580469149675,1507.6719403373106
756.5,6030.6877613492425,3661.4889979620402
757.0,6892.214584399134,6892.214584399135
757.5,8615.268230498918,10769.085288123648
758.0,9476.795053548809,15292.10110913558
758.5,10338.3218765987,20245.880341672455
759.0,11199.848699648592,25630.42298573428
759.5,18092.063284047726,32953.40098165836
760.0,20676.6437531974,42645.57774096964
