elevation_m,area_m2,volume_m3
714.0,0.0,0.0
714.5,2596.5067889231536,649.1266972307884
715.0,8655.022629743846,3462.0090518975385
715.5,9520.52489271823,8005.895932513057
