elevation_m,area_m2,volume_m3
1123.5,850.4542588330944,0.0
1124.0,1700.9085176661888,637.8406941248209
1124.5,4252.271294165472,2126.135647082736
1125.0,7654.088329497849,5102.725552998566
1125.5,12756.813882496415,10205.451105997132
1126.0,18709.993694328077,18072.153000203256
1126.5,27214.53628265902,29553.28549445003
1127.0,33167.71609449068,44648.848588737455
1127.5,41672.25868282162,63358.84228306553
1128.0,41672.25868282162,84194.97162447634
