elevation_m,area_m2,volume_m3
2298.5,905.5551817687425,0.0
2299.0,2716.6655453062276,905.5551817687425
2299.5,2716.6655453062276,2263.887954421856
2300.0,3622.22072707497,3848.6095225171557
2300.5,5433.331090612455,6112.497476939012
2301.0,8149.996635918683,9508.329408571797
2301.5,10866.66218122491,14262.494112857696
2302.0,12677.772544762394,20148.60279435452
2302.5,16299.993271837366,27393.04424850446
2303.0,18111.10363537485,35995.81847530751
2303.5,18111.10363537485,45051.370292994936
