elevation_m,area_m2,volume_m3
922.5,879.5037254608827,0.0
923.0,4397.518627304414,1319.255588191324
923.5,9674.54098006971,4837.270490034855
924.0,28144.119214748247,14291.935538739344
924.5,51011.216076731194,34080.7693616092
925.0,92347.89117339268,69920.54617414017
925.5,138961.58862281946,127747.9161231932
926.0,207562.8792087683,214379.03308109014
926.5,257694.59156003865,330693.4007732919
927.0,301669.7778330828,470534.49312157225
