elevation_m,area_m2,volume_m3
2019.0,896.9960360110122,0.0
2019.5,3587.9841440440487,1121.2450450137653
2020.0,6278.972252077085,3587.9841440440487
2020.5,11660.948468143159,8072.96432409911
2021.0,15248.932612187207,14800.434594181701
2021.5,24218.89297229733,24667.390990302836
2022.0,33188.85333240745,39019.32756647903
2022.5,40364.821620495546,57407.74630470478
2023.0,40364.821620495546,77590.15711495256
