elevation_m,area_m2,volume_m3
919.4207153320312,873.5840912429409,0.0
919.9207153320312,2620.7522737288227,873.5840912429409
920.4207153320312,7862.256821186468,3494.3363649717635
920.9207153320312,7862.256821186468,7425.464775564998
