elevation_m,area_m2,volume_m3
953.0,0.0,0.0
953.5,865.3499632232697,216.33749080581742
954.0,1730.6999264465394,865.3499632232697
954.5,6057.449742562888,2812.3873804756267
955.0,11249.549521902507,7139.137196591975
955.5,19037.69919091193,14710.949374795586
956.0,32017.94863926098,27474.861332338813
956.5,55382.39764628926,49324.94790372637
957.0,81342.89654298735,83506.27145104553
