elevation_m,area_m2,volume_m3
920.5,881.7005735731265,0.0
921.0,3526.802294292506,1102.1257169664082
921.5,10580.406882877518,4628.928011258914
922.0,17634.01147146253,11682.532599843926
922.5,26451.017207193792,22703.789769508006
923.0,34386.32236935193,37913.12466364444
923.5,49375.23212009508,58853.51328600619
924.0,61719.04015011885,86627.08135355968
924.5,81116.45276872763,122335.9545832713
925.0,99632.16481376329,167523.10897889402
925.5,112857.67341736019,220645.5685366749
