elevation_m,area_m2,volume_m3
789.5,0.0,0.0
790.0,863.3783833765684,215.8445958441421
790.5,6043.648683635979,1942.601362597279
791.0,7770.405450389116,5396.114896103552
791.5,12950.675750648526,10576.385196362964
792.0,16404.1892841548,17915.101455063796
792.5,25901.351501297053,28491.48665142676
793.0,33671.75695168617,43384.76376467256
793.5,50075.946235840966,64321.68956155435
794.0,74250.54097038489,95403.31136311081
794.5,101015.27085505851,139219.76431947167
