elevation_m,area_m2,volume_m3
646.5,858.9744895367759,0.0
647.0,2576.9234686103277,858.9744895367759
647.5,8589.74489536776,3650.6415805312977
648.0,11166.668363978086,8589.74489536776
648.5,20615.387748882622,16535.258923582936
649.0,27487.183665176828,28560.9017770978
649.5,42948.7244768388,46169.8788126017
650.0,67000.01018386852,73657.06247777853
650.5,91051.29589089824,113169.88899647022
651.0,118538.47955607506,165567.33285821354
651.5,151179.51015847255,232996.83028685045
