elevation_m,area_m2,volume_m3
979.0,2596.377733158385,0.0
979.5,4327.296221930642,1730.9184887722568
980.0,7789.133199475155,4760.025844123706
980.5,10385.51093263354,9303.68687715088
981.0,18174.644132108697,16443.72564333644
981.5,33752.91053105901,29425.614309128367
982.0,53658.47315193996,51278.46022987811
982.5,70967.65803966252,82434.99302777872
