elevation_m,area_m2,volume_m3
928.0,0.0,0.0
928.5,853.6637472600596,213.4159368150149
929.0,6829.309978080477,2134.159368150149
929.5,11097.628714380775,6615.894041265462
930.0,14512.283703421013,13018.372145715908
930.5,23048.92117602161,22408.673365576564
931.0,23902.58492328167,34146.549890402384
