elevation_m,area_m2,volume_m3
715.0,0.0,0.0
715.5,3457.57486446004,864.39371611501
716.0,16423.48060618519,5834.657583776317
716.5,27660.59891568032,16855.677464242694
717.0,41490.89837352048,34143.5517865429
717.5,57914.37897970567,58994.87112484944
718.0,73473.46586977584,91841.83233721982
718.5,83846.19046315597,131171.74642045278
719.0,101998.45850157118,177632.90866163457
719.5,106320.42708214623,229712.63005756392
