elevation_m,area_m2,volume_m3
797.0,0.0,0.0
797.5,4333.494132149033,1083.3735330372583
798.0,6066.8917850086455,3683.470012326678
798.5,13000.482396447098,8450.313557690613
799.0,19067.374181455743,16467.277702166324
799.5,30334.45892504323,28817.73597879107
800.0,47668.43545363936,48318.45957346172
800.5,65869.1108086653,76702.84613903788
801.0,91003.37677512968,115920.96803498662
801.5,116137.64274159409,167706.22291416756
802.0,123937.93217946234,227725.11664443166
