elevation_m,area_m2,volume_m3
724.0,0.0,0.0
724.5,4279.8694734740375,1069.9673683685094
725.0,4279.8694734740375,3209.902105105528
725.5,11983.634525727306,7275.778104905864
726.0,13695.58231511692,13695.58231511692
726.5,17119.47789389615,21399.34736737019
727.0,20543.373472675383,30815.06020901307
727.5,26535.190735539032,42584.70126106667
728.0,29103.112419623456,56494.27704985729
