elevation_m,area_m2,volume_m3
775.0,875.1773779160594,0.0
775.5,875.1773779160594,437.5886889580297
776.0,1750.3547558321188,1093.9717223950743
776.5,3500.7095116642377,2406.7377892691634
777.0,4375.886889580297,4375.886889580297
777.5,8751.773779160594,7657.80205676552
778.0,20129.07969206937,14878.015424573012
778.5,34131.91773872632,28443.264782271934
779.0,58636.88432037598,51635.465297047514
779.5,69139.0128553687,83579.43959098367
780.0,73514.89974494898,119242.9177410631
