elevation_m,area_m2,volume_m3
1083.0,855.9790769776571,0.0
1083.5,5991.853538843599,1711.9581539553142
1084.0,13695.665231642513,6633.837846576842
1084.5,14551.64430862017,13695.665231642513
