elevation_m,area_m2,volume_m3
508.0,827.6402521326283,0.0
508.5,2482.9207563978853,827.6402521326283
509.0,8276.402521326283,3517.47107156367
509.5,27312.128320376734,12414.603781989425
510.0,52968.976136488214,32484.87989620566
510.5,78625.82395259969,65383.57991847764
511.0,119180.19630709848,114835.08498340218
511.5,164700.41017439304,185805.23660377506
512.0,235049.83160566646,285742.7970487899
512.5,303743.9725326746,420441.24808337516
513.0,321952.0580795924,576865.2557364419
