elevation_m,area_m2,volume_m3
998.0,0.0,0.0
998.5,4324.889809005453,1081.2224522513632
999.0,8649.779618010905,4324.889809005453
999.5,13839.647388817448,9947.246560712541
1000.0,22489.42700682835,19029.515159623992
1000.5,25949.338854032714,31139.20662483926
1001.0,37194.05235744689,46925.05442770916
1001.5,45843.8319754578,67684.52551093533
1002.0,57953.52344067306,93633.86436496805
