elevation_m,area_m2,volume_m3
743.0,0.0,0.0
743.5,1642.2242075817326,410.55605189543314
744.0,3284.448415163465,1642.2242075817326
744.5,13958.905764444728,5953.06275248378
745.0,28738.92363268032,16627.52010176504
745.5,41876.71729333418,34281.43033326867
746.0,54193.398850197176,58298.959369151504
746.5,75542.3135487597,90732.88746889072
747.0,100996.78876627656,134867.66304764978
747.5,119882.36715346648,190087.45202758553
748.0,143694.6181634016,255981.69835680255
