elevation_m,area_m2,volume_m3
922.5,1758.5482500829912,0.0
923.0,2637.822375124487,1099.0926563018695
923.5,3517.0965001659824,2637.822375124487
924.0,4396.370625207478,4616.189156467852
924.5,7913.4671253734605,7693.648594113087
925.0,9672.015375456453,12090.019219320566
925.5,10551.289500497947,17145.845438309167
926.0,11430.563625539442,22641.308719818513
926.5,13189.111875622435,28796.227595108983
927.0,14947.660125705424,35830.42059544095
927.5,18464.756625871407,44183.52478333516
