elevation_m,area_m2,volume_m3
665.5,867.9642795278231,0.0
666.0,5207.7856771669385,1518.9374891736904
666.5,10415.571354333877,5424.776747048894
667.0,16491.321311028638,12151.499913389523
667.5,18227.249870084284,20831.142708667754
668.0,19095.214149612108,30161.75871359185
