elevation_m,area_m2,volume_m3
2033.5,2691.106778679554,0.0
2034.0,4485.177964465924,1794.0711857863694
2034.5,11661.462707611401,5830.731353805701
2035.0,20631.81863654325,13904.051689844364
2035.5,29602.174565475096,26462.54999034895
2036.0,34984.3881228342,42609.19066242628
2036.5,43057.70845887286,62119.714807853044
2037.0,50233.99320201834,85442.64022307584
