elevation_m,area_m2,volume_m3
670.5,2585.975540504643,0.0
671.0,5171.951081009286,1939.4816553784822
671.5,11205.894008853453,6033.942927844167
672.0,23273.779864541786,14653.861396192977
672.5,37065.64941389988,29738.718715803392
673.0,57753.45373793703,53443.49450376262
673.5,79303.24990880906,87707.67041544913
674.0,104301.0134670206,133608.73625940655
674.5,135332.71995307633,193517.16961443078
675.0,162916.4590517925,268079.464365648
675.5,201706.09215936216,359235.1021684366
