elevation_m,area_m2,volume_m3
2064.0,0.0,0.0
2064.5,904.7789881391316,226.1947470347829
2065.0,5428.673928834789,1809.5579762782631
2065.5,6333.452916973921,4750.08968773044
2066.0,12666.905833947842,9500.17937546088
2066.5,15381.242798365236,16512.21653353915
