elevation_m,area_m2,volume_m3
974.0,0.0,0.0
974.5,866.1451501571786,216.53628753929465
975.0,2598.4354504715357,1082.6814376964733
975.5,5196.870900943071,3031.5080255501252
976.0,7795.306351414607,6279.552338639545
976.5,11259.886952043322,11043.350664504027
977.0,14724.467552672037,17539.439290682865
977.5,18189.04815330075,25767.818217176064
