elevation_m,area_m2,volume_m3
1953.0,1794.841399117151,0.0
1953.5,3589.682798234302,1346.1310493378633
1954.0,5384.524197351453,3589.682798234302
1954.5,8076.78629602718,6955.01042157896
1955.0,10769.048394702906,11666.469094261482
1955.5,12563.889793820057,17499.70364139222
1956.0,14358.731192937208,24230.358888081537
1956.5,15256.151892495784,31634.079659439783
1957.0,17948.41399117151,39935.22113035661
1957.5,17948.41399117151,48909.42812594236
