elevation_m,area_m2,volume_m3
811.0,861.5408459214958,0.0
811.5,2584.6225377644873,861.5408459214958
812.0,4307.704229607479,2584.6225377644873
812.5,5169.245075528975,4953.859864048601
813.0,6030.785921450471,7753.867613293462
813.5,10338.49015105795,11846.186631420565
814.0,18092.35776435141,18953.898610272903
814.5,18953.898610272907,28215.462703928984
