elevation_m,area_m2,volume_m3
1907.5,891.6288265998896,0.0
1908.0,2674.886479799669,891.6288265998896
1908.5,3566.5153063995585,2451.9792731496964
1909.0,5349.772959599338,4681.051339649421
1909.5,6241.401786199227,7578.845026099062
1910.0,7133.030612799117,10922.453125848648
1910.5,7133.030612799117,14488.968432248206
1911.0,8916.288265998897,18501.29815194771
1911.5,11591.174745798566,23628.163904897076
1912.0,12482.803572398454,29646.65848444633
