elevation_m,area_m2,volume_m3
847.5,864.19331013419,0.0
848.0,864.19331013419,432.096655067095
848.5,1728.38662026838,1080.2416376677375
849.0,4320.96655067095,2592.57993040257
849.5,7777.73979120771,5617.2565158722355
850.0,19012.25282295218,12314.754669412208
850.5,24197.41268375732,23117.171046089585
851.0,38024.50564590436,38672.650628505005
851.5,44073.85881684369,59197.24174419202
852.0,53579.98522831978,83610.7027554829
