elevation_m,area_m2,volume_m3
2112.0,896.4188697994683,0.0
2112.5,896.4188697994683,448.20943489973416
2113.0,3585.6754791978733,1568.7330221490695
2113.5,5378.51321879681,3809.78019664774
2114.0,8067.769828195215,7171.350958395747
2114.5,9860.607567794152,11653.445307393089
