elevation_m,area_m2,volume_m3
724.0210571289062,855.9738946948075,0.0
724.5210571289062,4279.8694734740375,1283.9608420422112
725.0210571289062,4279.8694734740375,3423.89557877923
725.5210571289062,11983.634525727306,7489.771578579566
726.0210571289062,13695.58231511692,13909.575788790622
726.5210571289062,17119.47789389615,21613.34084104389
727.0210571289062,20543.373472675383,31029.053682686772
727.5210571289062,26535.190735539032,42798.69473474038
728.0210571289062,29103.112419623456,56708.270523531
