elevation_m,area_m2,volume_m3
678.0,857.365536366792,0.0
678.5,2572.0966091003756,857.365536366792
679.0,5144.193218200751,2786.437993192074
679.5,6001.5587545675435,5572.875986384148
680.0,7716.289827301128,9002.338131851317
680.5,12003.117509135087,13932.18996596037
681.0,17147.31072733584,21219.7970250781
681.5,18862.041800069423,30222.135156929417
682.0,24006.235018270174,40939.20436151432
