elevation_m,area_m2,volume_m3
919.5,873.5840912429409,0.0
920.0,2620.7522737288227,873.5840912429409
920.5,7862.256821186468,3494.3363649717635
