elevation_m,area_m2,volume_m3
1925.0,0.0,0.0
1925.5,897.5213753365489,224.38034383413722
1926.0,897.5213753365489,673.1410315024117
1926.5,2692.5641260096468,1570.6624068389606
1927.0,2692.5641260096468,2916.9444698437837
1927.5,3590.0855013461955,4487.606876682745
1928.0,7180.171002692391,7180.171002692392
1928.5,8077.69237802894,10994.636847872724
1929.0,10770.256504038587,15706.624068389605
1929.5,13462.820630048232,21764.89335191131
