elevation_m,area_m2,volume_m3
1096.0,850.7361801926386,0.0
1096.5,4253.6809009631925,1276.1042702889577
1097.0,5955.153261348471,3828.3128108668734
1097.5,11910.306522696941,8294.677756878227
1098.0,12761.04270288958,14462.515063274857
1098.5,15313.251243467494,21481.088549864126
1099.0,16163.987423660134,29350.398216646034
