elevation_m,area_m2,volume_m3
928.2338256835938,853.6637472600596,0.0
928.7338256835938,3414.6549890402384,1067.0796840750745
929.2338256835938,7682.9737253405365,3841.4868626702682
929.7338256835938,12804.956208900894,8963.469346230626
930.2338256835938,18780.60243972131,16859.859008386178
930.7338256835938,23902.58492328167,27530.65584913692
