elevation_m,area_m2,volume_m3
2338.5546875,904.8090217972027,0.0
2339.0546875,904.8090217972027,452.40451089860136
2339.5546875,2714.4270653916083,1357.2135326958041
2340.0546875,5428.8541307832165,3393.0338317395103
2340.5546875,13572.135326958041,8143.281196174825
2341.0546875,21715.416523132866,16965.16915869755
2341.5546875,30763.50674110489,30084.89997475699
2342.0546875,38001.97891548251,47276.27138890384
2342.5546875,39811.59695907692,66729.66535754371
