elevation_m,area_m2,volume_m3
1570.5,0.0,0.0
1571.0,1790.1716430818476,447.5429107704619
1571.5,3580.343286163695,1790.1716430818476
1572.0,3580.343286163695,3580.343286163695
1572.5,6265.600750786467,6041.829295401236
1573.0,9845.944036950163,10069.715492335394
1573.5,15216.458966195705,16335.31624312186
1574.0,23272.23136006402,25957.488824686792
1574.5,31328.003753932335,39607.547603185885
1575.0,42069.033612423416,57956.80694477483
