elevation_m,area_m2,volume_m3
841.0,1741.7432199820785,0.0
841.5,8708.716099910393,2612.6148299731176
842.0,10450.45931989247,7402.408684923834
842.5,19159.175419802865,14804.817369847668
843.0,22642.66185976702,25255.276689740138
843.5,26997.019909722218,37665.197132112444
844.0,27867.891519713256,51381.424989471314
