elevation_m,area_m2,volume_m3
1033.0,1736.0742436578164,0.0
1033.5,6944.296974631266,2170.0928045722703
1034.0,11284.482583775807,6727.287694174039
1034.5,24305.03941120943,15624.668192920348
1035.0,32117.373507669603,29730.271422640108
1035.5,38193.63336047196,47308.0231396755
1036.0,44269.89321327432,67923.90478311207
1036.5,51214.19018790558,91794.92563340705
1037.0,56422.41291887903,118704.07641010321
