elevation_m,area_m2,volume_m3
666.0,0.0,0.0
666.5,861.5534592755366,215.38836481888416
667.0,861.5534592755366,646.1650944566525
667.5,6892.427674204293,2584.66037782661
668.0,11200.194970581975,7107.816039023177
668.5,21538.836481888415,15292.573902140775
669.0,31015.92453391932,28431.264156092708
669.5,47385.440260154515,48031.605354611165
670.0,79262.91825334937,79693.69498298713
