elevation_m,area_m2,volume_m3
966.0,0.0,0.0
966.5,6143.062575282267,1535.7656438205668
967.0,18429.1877258468,7678.828219102834
967.5,29837.73250851387,19745.558277693002
968.0,44756.5987627708,38394.14109551417
968.5,64063.36685651507,65599.13250033563
969.0,77227.07237497707,100921.74230820866
969.5,78982.23311077201,139974.06867964595
