elevation_m,area_m2,volume_m3
820.8384399414062,863.8177783744842,0.0
821.3384399414062,1727.6355567489684,647.8633337808632
821.8384399414062,3455.2711134979368,1943.5900013425894
822.3384399414062,5182.906670246905,4103.1344472788005
822.8384399414062,6046.7244486213895,6910.542226995874
823.3384399414062,7774.360005370358,10365.81334049381
823.8384399414062,10365.81334049381,14900.856676959853
824.3384399414062,11229.631118868294,20299.71779180038
