elevation_m,area_m2,volume_m3
700.5,0.0,0.0
701.0,865.2668689620863,216.31671724052157
701.5,1730.5337379241726,865.2668689620863
702.0,2595.8006068862587,1946.8504551646943
702.5,6056.868082734604,4110.0176275699105
703.0,10383.202427545035,8220.035255139821
703.5,12979.003034431295,14060.586620633903
