elevation_m,area_m2,volume_m3
1015.0,857.2481413546523,0.0
1015.5,2571.744424063957,857.2481413546523
1016.0,4286.240706773261,2571.744424063957
1016.5,12858.722120319784,6857.985130837218
1017.0,18002.210968447696,14573.218403029088
1017.5,30860.93308876748,26789.004417332882
1018.0,38576.16636095935,44148.279279764596
1018.5,47148.64777450587,65579.4828136309
1019.0,52292.136622633785,90439.67891291581
