elevation_m,area_m2,volume_m3
1212.5,0.0,0.0
1213.0,4268.575297584209,1067.1438243960522
1213.5,11098.295773718943,4908.86159222184
1214.0,21342.876487921043,13019.154657631836
1214.5,36709.7475592242,27532.310669418148
1215.0,60613.76922569576,51863.189865648135
1215.5,83664.07583265049,87932.6511302347
1216.0,112690.38785622311,137021.2670524531
1216.5,153668.7107130315,203611.04169476675
1217.0,199769.32392694097,291970.5503547599
1217.5,247577.3672598841,403807.22315146617
