elevation_m,area_m2,volume_m3
725.0,866.3783436032836,0.0
725.5,11262.918466842686,3032.324202611492
726.0,22525.836933685372,11479.513052743507
726.5,45918.052210974034,28590.48533890836
727.0,80573.18595510538,60213.29488042821
727.5,133422.26491490568,113712.15759793099
728.0,207064.42412118477,198833.82985695358
728.5,304098.7986047525,326624.63553843787
729.0,406331.44314994,504232.195977111
729.5,525891.6545671931,737287.9704063942
