elevation_m,area_m2,volume_m3
2368.0,0.0,0.0
2368.5,904.6840849189722,226.17102122974305
2369.0,1809.3681698379444,904.6840849189722
2369.5,3618.7363396758888,2261.7102122974306
2370.0,4523.420424594861,4297.249403365118
2370.5,6332.788594432805,7011.3016581220345
2371.0,9046.840849189723,10856.209019027667
2371.5,9046.840849189723,15379.629443622529
