elevation_m,area_m2,volume_m3
2018.8934326171875,896.9960360110122,0.0
2019.3934326171875,3587.9841440440487,1121.2450450137653
2019.8934326171875,4484.980180055061,3139.486126038543
2020.3934326171875,10763.952432132146,6951.719279085344
2020.8934326171875,15248.932612187207,13454.940540165182
2021.3934326171875,22424.900900275305,22873.39891828081
2021.8934326171875,29600.869188363402,35879.84144044049
2022.3934326171875,38570.82954847352,52922.76612464972
2022.8934326171875,40364.821620495546,72656.678916892
