elevation_m,area_m2,volume_m3
2214.0,0.0,0.0
2214.5,905.3770277267146,226.34425693167864
2215.0,1810.7540554534291,905.3770277267146
2215.5,10864.524332720575,4074.1966247702157
2216.0,19012.917582261005,11543.55710351561
2216.5,25350.556776348007,22634.42569316786
2217.0,29877.44191498158,36441.42536600026
2217.5,31688.19597043501,51832.83483735441
2218.0,38931.21219224873,69487.68687802534
2218.5,43458.0973308823,90085.0142588081
2219.0,48890.359497242585,113172.12846583933
