elevation_m,area_m2,volume_m3
172.0,0.0,0.0
172.5,911.4817129291391,227.87042823228478
173.0,911.4817129291391,683.6112846968543
173.5,4557.408564645695,2050.833854090563
174.0,6380.371990503974,4785.27899287798
174.5,9114.81712929139,8659.076272826822
175.0,13672.225693937087,14355.83697863394
175.5,17318.152545653644,22103.431538531622
176.0,17318.152545653644,30762.507811358446
