elevation_m,area_m2,volume_m3
1917.0,0.0,0.0
1917.5,903.854045143268,225.963511285817
1918.0,1807.708090286536,903.854045143268
1918.5,3615.416180573072,2259.63511285817
1919.0,3615.416180573072,4067.343203144706
1919.5,5423.124270859607,6326.978316002876
1920.0,10846.248541719215,10394.321519147583
1920.5,13557.81067714902,16495.33632386464
1921.0,15365.518767435555,23726.168685010787
1921.5,18077.08090286536,32086.818602586016
