elevation_m,area_m2,volume_m3
241.5,0.0,0.0
242.0,3422.0596217009293,855.5149054252323
242.5,6844.1192434018585,3422.0596217009293
243.0,17110.298108504645,9410.663959677555
243.5,31654.051500733596,21601.751361987117
244.0,55608.4688526401,43417.38145033054
244.5,87262.5203533737,79135.12875183398
245.0,136882.38486803716,135171.35505718668
245.5,189068.79409897633,216659.14979894005
246.0,231844.53937023797,321887.48316624365
246.5,271198.2250197987,447648.1742637528
