elevation_m,area_m2,volume_m3
172.09547424316406,911.4817129291391,0.0
172.59547424316406,911.4817129291391,455.74085646456956
173.09547424316406,2734.4451387874174,1367.2225693937087
173.59547424316406,4557.408564645695,3190.185995251987
174.09547424316406,7291.853703433113,6152.501562271689
174.59547424316406,9114.81712929139,10254.169270452814
175.09547424316406,16406.670832724503,16634.541260956787
175.59547424316406,17318.152545653644,25065.747105551323
