elevation_m,area_m2,volume_m3
1208.0,0.0,0.0
1208.5,1807.3528928829455,451.8382232207364
1209.0,2711.0293393244183,1581.4337812725773
1209.5,2711.0293393244183,2936.9484509347867
1210.0,3614.705785765891,4518.382232207364
1210.5,6325.735125090309,7003.492459921414
1211.0,10844.117357297673,11295.95558051841
1211.5,12651.470250180619,17169.852482387985
1212.0,13555.14669662209,23721.506719088662
