elevation_m,area_m2,volume_m3
973.5,907.6503937865974,0.0
974.0,2722.9511813597924,907.6503937865974
974.5,2722.9511813597924,2269.1259844664937
975.0,7261.203150292779,4765.1645673796365
975.5,7261.203150292779,8395.766142526027
976.0,9076.503937865975,12480.192914565716
976.5,9076.503937865975,17018.444883498705
977.0,9984.154331652571,21783.609450878343
