elevation_m,area_m2,volume_m3
1386.5,0.0,0.0
1387.0,1808.1729340338861,452.04323350847153
1387.5,3616.3458680677722,1808.1729340338861
1388.0,6328.605269118601,4294.4107183304795
1388.5,9944.951137186374,8362.799819906722
1389.0,14465.383472271089,14465.383472271089
1389.5,18985.815807355804,22828.18329217781
1390.0,24410.334609457463,33677.22089638113
1390.5,29834.85341155912,47238.51790163528
1391.0,30738.939878576064,62381.966224169075
