elevation_m,area_m2,volume_m3
1208.01123046875,903.6764464414728,0.0
1208.51123046875,1807.3528928829455,677.7573348311046
1209.01123046875,2711.0293393244183,1807.3528928829455
1209.51123046875,2711.0293393244183,3162.8675625451547
1210.01123046875,3614.705785765891,4744.301343817732
1210.51123046875,6325.735125090309,7229.411571531782
1211.01123046875,10844.117357297673,11521.874692128778
1211.51123046875,12651.470250180619,17395.771593998354
1212.01123046875,13555.14669662209,23947.42583069903
