elevation_m,area_m2,volume_m3
2240.0,904.4204096745345,0.0
2240.5,1808.840819349069,678.315307255901
2241.0,4522.1020483726725,2261.0510241863367
2241.5,9044.204096745345,5652.627560465841
2242.0,14470.726554792553,11531.360223350315
2242.5,18088.40819349069,19671.143910421124
2243.0,18992.828603165224,28941.4531095851
