elevation_m,area_m2,volume_m3
2380.561279296875,905.6679533568363,0.0
2381.061279296875,4528.339766784182,1358.5019300352546
2381.561279296875,6339.6756734978535,4075.5057901057635
2382.061279296875,9056.679533568364,7924.594591872317
2382.561279296875,9962.347486925199,12679.351346995707
2383.061279296875,10868.015440282035,17886.942078797518
2383.561279296875,14490.68725370938,24226.617752295373
2384.061279296875,14490.68725370938,31471.961379150063
