elevation_m,area_m2,volume_m3
2345.0,903.0778748788107,0.0
2345.5,4515.389374394053,1354.616812318216
2346.0,9030.778748788107,4741.158843113756
2346.5,12643.09024830335,10159.626092386621
2347.0,15352.323872939782,17158.479622697403
2347.5,18061.557497576214,25511.949965326403
2348.0,21673.868997091457,35445.80658899332
2348.5,24383.10262172789,46960.049493698156
2349.0,27995.41412124313,60054.67867944091
2349.5,35220.03712027361,75858.5414898201
2350.0,35220.03712027361,93468.5600499569
