elevation_m,area_m2,volume_m3
998.0526733398438,864.9779618010905,0.0
998.5526733398438,4324.889809005453,1297.4669427016358
999.0526733398438,9514.757579811996,4757.378789905998
999.5526733398438,13839.647388817448,10595.980032063359
1000.0526733398438,22489.42700682835,19678.24863097481
1000.5526733398438,26814.316815833805,32004.18458664035
1001.0526733398438,38924.00828104907,48438.765860861065
1001.5526733398438,47573.78789905998,70063.21490588834
1002.0526733398438,58818.501402474154,96661.28723127187
