elevation_m,area_m2,volume_m3
786.1738891601562,862.3145553265034,0.0
786.6738891601562,5173.88733195902,1509.0504718213808
787.1738891601562,23282.49299381559,8623.145553265034
787.6738891601562,67260.53531546726,31258.902630585748
788.1738891601562,176774.4838419332,92267.65741993586
788.6738891601562,327679.5310240713,218381.16113643697
789.1738891601562,645873.6019395511,461769.4443773426
789.6738891601562,939922.8653058887,858218.5611887025
