elevation_m,area_m2,volume_m3
1002.0,871.596044788181,0.0
1002.5,5229.576268729086,1525.2930783793167
1003.0,13073.940671822715,6101.172313517267
1003.5,27019.47738843361,16124.526828581349
1004.0,46194.59037377359,34428.04376913315
1004.5,70599.27962784265,63626.511269537215
1005.0,92389.18074754719,104373.62636338468
