elevation_m,area_m2,volume_m3
2368.05322265625,904.6840849189722,0.0
2368.55322265625,904.6840849189722,452.3420424594861
2369.05322265625,1809.3681698379444,1130.8551061487153
2369.55322265625,4523.420424594861,2714.0522547569167
2370.05322265625,4523.420424594861,4975.762467054347
2370.55322265625,6332.788594432805,7689.8147218112645
2371.05322265625,9046.840849189723,11534.722082716897
2371.55322265625,9046.840849189723,16058.142507311757
