elevation_m,area_m2,volume_m3
1712.0,889.1438430971854,0.0
1712.5,889.1438430971854,444.5719215485927
1713.0,1778.2876861943707,1111.4298038714817
1713.5,7113.150744777483,3334.2894116144453
1714.0,18672.020705040894,9780.582274069038
1714.5,23117.73992052682,20228.022430460966
1715.0,30230.8906653043,33565.18007691875
1715.5,36454.8975669846,50236.62713499097
