elevation_m,area_m2,volume_m3
2111.815185546875,896.4188697994683,0.0
2112.315185546875,896.4188697994683,448.20943489973416
2112.815185546875,3585.6754791978733,1568.7330221490695
2113.315185546875,4482.0943489973415,3585.675479197873
2113.815185546875,7171.350958395747,6499.036806046145
2114.315185546875,9860.607567794152,10757.02643759362
