elevation_m,area_m2,volume_m3
915.0,2614.7108754010533,0.0
915.5,9587.273209803863,3050.496021301229
916.0,23532.39787860948,11330.413793404565
916.5,32248.10079661299,25275.538462210185
917.0,52294.217508021065,46411.1180383687
917.5,67110.91246862704,76262.40053253074
918.0,84542.31830463406,114175.70822584601
918.5,101102.15384884072,160586.8262642147
919.0,123762.98143564985,216803.11008533736
919.5,142065.95756345722,283260.34483511414
