elevation_m,area_m2,volume_m3
980.0,1763.6651408547973,0.0
980.5,12345.655985983582,3527.3302817095946
981.0,21163.98169025757,11904.739700769882
981.5,36155.13538752335,26234.51897021511
982.0,61728.2799299179,50705.37279957542
982.5,110229.07130342483,93694.71060791111
983.0,148147.87183180297,158288.94639171805
983.5,194884.9980644551,244047.16386578258
984.0,253085.94771266342,356039.9003100622
984.5,293650.2459523238,492723.948726309
