elevation_m,area_m2,volume_m3
736.28857421875,864.3808765279123,0.0
736.78857421875,864.3808765279123,432.19043826395614
737.28857421875,3457.523506111649,1512.6665339238464
737.78857421875,6050.666135695386,3889.713944375605
738.28857421875,14694.474900974508,9075.999203543079
