elevation_m,area_m2,volume_m3
974.2258911132812,866.1451501571786,0.0
974.7258911132812,2598.4354504715357,866.1451501571786
975.2258911132812,4330.725750785893,2598.4354504715357
975.7258911132812,6063.0160511002505,5196.870900943071
976.2258911132812,8661.451501571786,8877.987789111081
976.7258911132812,12126.032102200501,14074.858690054152
977.2258911132812,16456.757852986393,21220.556178850875
977.7258911132812,18189.04815330075,29882.007680422663
