elevation_m,area_m2,volume_m3
973.3479614257812,907.6503937865974,0.0
973.8479614257812,1815.3007875731948,680.7377953399481
974.3479614257812,2722.9511813597924,1815.300787573195
974.8479614257812,6353.552756506182,4084.426772039689
975.3479614257812,7261.203150292779,7488.115748739428
975.8479614257812,8168.853544079377,11345.629922332468
976.3479614257812,9076.503937865975,15656.969292818805
976.8479614257812,9984.154331652571,20422.133860198443
977.3479614257812,9984.154331652571,25414.21102602473
