elevation_m,area_m2,volume_m3
1015.0,343839.5910806068,0.0
1015.5,348203.03766792413,173010.65718713275
1016.0,351693.79493777803,347984.8653385583
1016.5,358675.3094774858,525577.1414423742
1017.0,461652.6489381751,730659.1310462895
1017.5,486087.94982715225,967594.2807376212
1018.0,518377.4545733006,1218710.6318377345
1018.5,573356.8815734992,1491644.2158744344
1019.0,636190.5124308689,1794031.0643755265
