elevation_m,area_m2,volume_m3
955.1110229492188,871.9116567703093,0.0
955.6110229492188,871.9116567703093,435.95582838515463
956.1110229492188,7847.204910932784,2615.734970310928
956.6110229492188,20925.87976248742,9809.00613866598
957.1110229492188,31388.819643731134,22887.68099022062
957.6110229492188,61033.81597392165,45993.33989463381
958.1110229492188,94166.4589311934,84793.40862091258
958.6110229492188,142121.6000535604,143865.42336710103
