elevation_m,area_m2,volume_m3
665.3566284179688,867.9642795278231,0.0
665.8566284179688,3471.8571181112925,1084.9553494097788
666.3566284179688,10415.571354333877,4556.812467521071
666.8566284179688,15623.357031500816,11066.544563979744
667.3566284179688,17359.28559055646,19312.205219494062
667.8566284179688,19095.214149612108,28425.830154536205
