elevation_m,area_m2,volume_m3
714.176025390625,865.5022629743845,0.0
714.676025390625,3462.009051897538,1081.8778287179807
715.176025390625,9520.52489271823,4327.511314871923
715.676025390625,9520.52489271823,9087.773761231037
