elevation_m,area_m2,volume_m3
2479.38720703125,905.2532905328575,0.0
2479.88720703125,905.2532905328575,452.62664526642874
2480.38720703125,2715.7598715985723,1357.8799357992862
2480.88720703125,2715.7598715985723,2715.7598715985723
2481.38720703125,4526.2664526642875,4526.2664526642875
2481.88720703125,8147.279614795717,7694.652969529288
2482.38720703125,9957.786195861432,12220.919422193576
2482.88720703125,10863.03948639429,17426.12584275751
2483.38720703125,10863.03948639429,22857.645585954655
