elevation_m,area_m2,volume_m3
978.8696899414062,865.4592443861284,0.0
979.3696899414062,4327.296221930642,1298.1888665791926
979.8696899414062,6923.673955089027,4110.93141083411
980.3696899414062,9520.051688247411,8221.86282166822
980.8696899414062,14712.807154564183,14280.077532371117
981.3696899414062,29425.614309128367,25314.682898294253
981.8696899414062,45869.339952464805,44138.421463692546
982.3696899414062,70967.65803966252,73347.67096172438
982.8696899414062,70967.65803966252,108831.49998155564
