elevation_m,area_m2,volume_m3
2064.155517578125,904.7789881391316,0.0
2064.655517578125,904.7789881391316,452.3894940695658
2065.155517578125,5428.673928834789,2035.7527233130459
2065.655517578125,7238.231905113053,5202.479181800007
2066.155517578125,13571.684822086974,10404.958363600013
2066.655517578125,15381.242798365236,17643.190268713064
