elevation_m,area_m2,volume_m3
786.1738891601562,862.3145553265034,0.0
786.6738891601562,5173.88733195902,1509.0504718213808
787.1738891601562,23282.49299381559,8623.145553265034
787.6738891601562,67260.53531546726,31258.902630585748
788.1738891601562,180223.74206323922,93129.97197526236
788.6738891601562,325092.5873580918,219459.05433059513
789.1738891601562,635525.827275633,459613.65798902634
789.6738891601562,915778.0577567467,847439.6292471213
