elevation_m,area_m2,volume_m3
2028.16064453125,897.1175076782632,0.0
2028.66064453125,1794.2350153565264,672.8381307586974
2029.16064453125,2691.3525230347896,1794.2350153565264
2029.66064453125,4485.587538391316,3588.470030713053
2030.16064453125,4485.587538391316,5831.263799908711
2030.66064453125,4485.587538391316,8074.057569104369
2031.16064453125,8074.057569104369,11213.96884597829
2031.66064453125,8971.175076782632,15475.27700745004
