elevation_m,area_m2,volume_m3
2119.0,905.531507354102,0.0
2119.5,6338.720551478714,1811.063014708204
2120.0,22638.28768385255,9055.31507354102
2120.5,24449.350698560753,20827.224669144347
2121.0,29882.539742685367,34410.197279455875
2121.5,35315.72878680998,50709.76441182971
2122.0,47993.16988976741,71536.98908097406
2122.5,62481.67400743304,99155.70005527418
2123.0,80592.30415451508,134924.19459576122
