elevation_m,area_m2,volume_m3
535.0,1648.7926056488993,0.0
535.5,4121.981514122248,1442.6935299427869
536.0,18136.718662137893,7007.368574007823
536.5,37922.22992992469,21022.10572202347
537.0,65127.30792313152,46784.49018528752
537.5,89034.80070504056,85325.01734233054
538.0,131079.0121490875,140353.47055586256
538.5,168176.84577618772,215167.43503718136
539.0,228357.77588237255,314301.09045182145
539.5,295958.27271397744,445380.10260090895
540.0,409724.9625037515,621800.9114053412
