elevation_m,area_m2,volume_m3
1386.7237548828125,904.0864670169431,0.0
1387.2237548828125,1808.1729340338861,678.0648502627073
1387.7237548828125,5424.518802101658,2486.2377842965934
1388.2237548828125,6328.605269118601,5424.518802101658
1388.7237548828125,10849.037604203317,9718.929520432139
1389.2237548828125,15369.469939288032,16273.556406304975
1389.7237548828125,21698.075208406633,25540.44269322864
1390.2237548828125,28026.680477525235,37971.63161471161
1390.7237548828125,30738.939878576064,52663.03670373693
