dam_id,dam_name,construction_year,dam_height_m,spillway_height_m,dam_length_m,capacity_mcm,curve_type,srtm_water_level_m,coverage_fraction,z_min,z_max,footprint_area_km2,c,b,r_squared,n_pixels,void_fraction,capped,placement_upstream_shift_m,placement_method,valley_width_m,valley_ratio,channel_slope,mean_catchment_slope,upstream_area_km2,lat,lon,srtm_max_vol_mcm,vol_ratio,z_range,z_range_ratio,quality,uncertainty_flags,uncertainty_score,sed_yield_t_ha_yr,owe_mm_year,predicted_silt_fraction,sediment_risk
id_010000,Al-Hariqah,1970,6.0,4.0,190.0,0.08,full,,1.0,666.0,674.5,0.02951,0.01089,1.5319,0.9873,34,0.0,True,0.0,stage_1_fast_path,147.3,36.83,0.002672,0.1018,1327.18,24.757882,46.527667,0.08397,1.05,8.5,2.125,B,height_noise;pre_srtm,2,3.467,,1.0,fully_silted
id_010001,Tamir,2011,5.5,4.0,230.0,0.0615,full,,1.0,666.0,670.0,0.07926,0.1677,1.1603,0.995,92,0.0,True,0.0,stage_1_fast_path,293.52,73.38,0.005397,0.05794,10.4,25.710225,45.827694,0.07969,1.295,4.0,1.0,A,height_noise,1,0.4198,,0.08191,low
id_010002,Shi'b Al-Qasr Al-Asfal,2008,6.5,5.0,164.0,0.0912,full,,1.0,700.5,703.37,0.01298,0.003407,1.6032,0.9806,15,0.0,False,0.0,stage_1_fast_path,147.08,29.42,0.0193,0.09151,476.03,25.153833,46.267694,0.01406,0.1542,2.874,0.5748,D,sub_pixel,1,3.029,,1.0,fully_silted
id_010003,Al-Manih,1980,6.0,4.0,100.0,0.1,full,,1.0,714.0,715.18,0.009521,8.148e-32,8.795,0.9847,11,0.0,False,0.0,stage_2_upstream_walk,205.94,51.48,0.01113,0.04666,6.795,25.067531,45.450892,0.008006,0.08006,1.184,0.296,D,sub_pixel;height_noise;pre_srtm,3,2.335,2494.2,0.5614,severe
id_010004,Qabiban,2012,5.0,3.0,630.0,0.1284,full,,1.0,775.0,779.61,0.07351,8.305e-07,2.2826,0.9575,84,0.0,False,0.0,stage_3_quality_recovery,207.08,69.03,0.002675,0.1054,11.0,23.483889,45.536389,0.1192,0.9284,4.612,1.537,B,height_noise,1,4.601,2560.9,0.4245,high
id_010005,Al-Ashr,2013,6.5,5.0,173.0,0.1014,full,,1.0,736.5,738.18,0.01469,0.001306,1.6776,0.9568,17,0.0,False,0.0,stage_2_upstream_walk,558.61,111.72,0.002302,0.04812,4.684,25.240986,45.211788,0.0134,0.1321,1.68,0.3361,D,sub_pixel,1,2.145,2496.7,0.09908,low
id_010006,Al-Dahinah,2009,11.0,9.0,70.0,0.1166,full,,1.0,747.5,758.5,0.02672,0.001589,1.7832,0.9845,31,0.0,True,0.0,stage_2_upstream_walk,88.08,9.787,0.03704,0.08805,16.26,25.608753,45.290367,0.1211,1.038,11.0,1.222,B,narrow_valley,1,2.784,2479.6,0.5077,severe
id_010007,Al-Anbari,1982,8.0,6.0,50.0,0.11,,,,,,,,,,,,,,,764.54,127.42,0.01328,0.05302,20.41,25.195278,45.277333,,,,,,,,2.168,2494.2,1.0,fully_silted
id_010008,Al-Ghadir,2010,6.0,4.0,161.0,0.119,full,,1.0,725.5,733.0,0.0778,0.4532,1.1146,0.9963,90,0.0,True,0.0,stage_2_upstream_walk,88.2,22.05,0.01074,0.05518,10.72,25.22936,45.226406,0.1305,1.097,7.5,1.875,A,narrow_valley;height_noise,2,2.306,2496.7,0.2557,high
id_010010,Al-Khalif,2012,7.0,5.0,152.0,0.1474,full,,1.0,729.5,733.97,0.03111,0.001038,1.7174,0.9954,36,0.0,False,0.0,stage_1_fast_path,117.58,23.52,0.007708,0.04946,21.91,25.28749,45.174242,0.05465,0.3709,4.473,0.8947,B,-,0,2.412,2492.7,0.3861,high
id_010011,Al-Mahdiyah,2003,12.0,10.0,102.0,0.15,full,,1.0,751.5,758.5,0.05818,0.001851,1.6691,0.9953,67,0.0,True,0.0,stage_3_quality_recovery,117.88,11.79,0.01529,0.1572,31.73,24.662778,46.427778,0.1641,1.094,7.0,0.7,A,-,0,2.914,2522.2,1.0,fully_silted
id_010012,Al-Fawarah,2012,5.0,3.0,370.0,0.164,full,,1.0,825.0,832.5,0.1043,0.738,1.0858,0.9908,119,0.0,True,0.0,stage_1_fast_path,384.84,128.28,0.005548,0.1975,14.8,23.280191,45.236743,0.2097,1.278,7.5,2.5,A,height_noise,1,3.051,2546.6,0.2965,high
id_010014,Al-Hafirah,2003,8.0,6.0,400.0,0.17,full,,1.0,828.5,836.0,0.1503,0.6122,1.0771,0.9989,171,0.0,True,0.0,stage_2_upstream_walk,474.36,79.06,0.04318,0.09649,16.49,22.824444,44.954722,0.2301,1.353,7.5,1.25,A,-,0,9.603,2579.0,1.0,fully_silted
id_010015,Malham,1970,5.0,4.0,100.0,0.2,full,,1.0,700.0,709.24,0.05365,0.006949,1.5827,0.9958,62,0.0,False,0.0,stage_1_fast_path,176.5,44.12,0.009247,0.1328,467.94,25.143333,46.240556,0.2226,1.113,9.237,2.309,A,height_noise;pre_srtm,2,2.201,2501.9,1.0,fully_silted
id_010017,Halifah Al-Musa'id,1985,5.0,3.0,50.0,0.2,full,,1.0,729.0,736.84,0.05537,0.0002946,1.8597,0.9984,64,0.0,False,0.0,stage_5_relaxed_alignment,88.24,29.41,0.01588,0.03386,7.839,25.126667,45.371556,0.197,0.9852,7.839,2.613,A,narrow_valley;height_noise;pre_srtm,3,2.143,2494.2,0.2649,high
id_010018,Mahiraqah,2008,6.0,4.0,166.0,0.2028,full,,1.0,903.5,911.94,0.1204,0.3462,1.1395,0.9925,138,0.0,False,0.0,stage_1_fast_path,236.28,59.07,0.009944,0.05599,13.95,23.951111,45.075833,0.2272,1.12,8.436,2.109,A,height_noise,1,3.337,2514.9,0.3178,high
id_010019,Marqan,2013,8.0,6.0,222.0,0.2195,full,,1.0,915.0,919.5,0.1421,0.0003226,1.7352,0.999,163,0.0,True,0.0,stage_1_fast_path,236.18,39.36,0.006903,0.1242,1676.18,24.074167,44.937778,0.2833,1.29,4.5,0.75,A,-,0,1.253,2513.8,1.0,fully_silted
id_010020,Al-Shahmah,2011,7.5,6.0,105.0,0.2196,full,,1.0,646.0,651.5,0.1546,0.0145,1.3923,0.9985,180,0.0,True,0.0,stage_3_quality_recovery,117.23,19.54,0.008702,0.04343,15.29,26.111442,45.807832,0.2476,1.127,5.5,0.9167,A,-,0,1.101,2461.7,0.08845,low
id_010021,Al-Ruwaydah,2010,5.5,4.0,307.0,0.1486,full,,1.0,941.0,948.5,0.159,0.5979,1.0606,0.997,182,0.0,True,0.0,stage_3_quality_recovery,206.9,51.72,0.006572,0.06983,121.81,23.737759,44.801521,0.2016,1.357,7.5,1.875,A,height_noise,1,1.288,2534.2,1.0,fully_silted
id_010022,Athitiyah,1982,4.0,3.0,230.0,0.25,full,,1.0,704.5,707.42,0.032,0.004,1.5282,0.9871,37,0.0,False,0.0,stage_2_upstream_walk,294.1,98.03,0.001567,0.05693,16.52,25.158056,45.368056,0.03179,0.1271,2.924,0.9748,C,height_noise;pre_srtm,2,1.849,2494.2,0.4135,high
id_010023,Al-Qaltah,2010,9.5,8.0,115.0,0.1355,full,,1.0,884.0,893.5,0.03661,1.18e-05,2.208,0.9917,42,0.0,True,0.0,stage_1_fast_path,177.15,22.14,0.004164,0.1643,1739.6,24.053611,45.014444,0.1443,1.064,9.5,1.188,A,-,0,1.354,2515.7,1.0,fully_silted
id_010024,Marat,1977,12.0,10.0,110.0,0.4,full,,1.0,713.0,723.0,0.174,0.06204,1.3136,0.9916,201,0.0,True,,stage_6_fallback,2500.82,250.08,0.01398,0.03818,17.73,25.049528,45.467333,0.4534,1.133,10.0,1.0,A,pre_srtm,1,2.201,2494.2,0.3677,high
id_010025,Sudus,1979,7.0,6.0,520.0,0.4,full,,1.0,814.5,823.0,0.2399,3.127,0.9633,0.9887,277,0.0,True,0.0,stage_1_fast_path,941.76,156.96,0.006303,0.04514,52.75,25.005833,46.1475,0.4547,1.137,8.5,1.417,B,pre_srtm,1,2.068,2512.9,0.986,severe
id_010026,Al-Raziwah,2013,6.0,4.0,473.0,0.4417,full,,1.0,884.5,894.0,0.2852,0.5127,1.1028,0.9989,324,0.0,True,0.0,stage_2_upstream_walk,534.08,133.52,0.003982,0.1023,53.05,22.586019,44.953615,0.541,1.225,9.5,2.375,A,height_noise,1,1.347,,0.1618,moderate
id_010027,Al-Bair,2009,6.0,4.0,523.0,0.4419,full,,1.0,715.0,719.17,0.1063,4.027e-06,2.1336,0.9873,123,0.0,False,0.0,stage_3_quality_recovery,235.2,58.8,0.003779,0.0841,16.27,25.269934,45.970554,0.2297,0.5198,4.174,1.044,B,height_noise,1,3.491,2501.2,0.1681,moderate
id_010028,Haradah,2007,8.0,6.0,276.0,0.4478,full,,1.0,922.5,927.0,0.3017,0.000101,1.7617,0.9934,343,0.0,True,0.0,stage_3_quality_recovery,266.91,44.48,0.01093,0.1042,51.4,22.792778,46.199167,0.4705,1.051,4.5,0.75,A,-,0,2.362,2579.7,0.3962,high
id_010029,Al-Jazar,2011,6.0,4.0,370.0,0.0404,full,,1.0,755.0,760.0,0.02068,0.06619,1.3461,0.9433,24,0.0,True,0.0,stage_1_fast_path,410.92,102.73,0.002468,0.05723,51.94,25.697671,45.435457,0.04265,1.056,5.0,1.25,B,sub_pixel;height_noise,2,1.296,,1.0,fully_silted
id_010030,Bawdah,1985,8.0,6.0,100.0,0.13,,,,,,,,,,,,,,,146.7,24.45,0.003573,0.0872,73.43,25.819128,45.673748,,,,,,,,0.8799,2470.1,1.0,fully_silted
id_010031,Tamrah,2009,6.0,4.0,160.0,0.4735,full,,1.0,640.0,647.5,0.2509,0.06683,1.271,0.9955,281,0.0,True,0.0,stage_2_upstream_walk,89.64,22.41,0.01961,0.146,118.62,20.344295,45.373186,0.506,1.069,7.5,1.875,A,narrow_valley;height_noise,2,1.118,2641.8,0.3663,high
id_010033,Al-Artawiyah,2012,10.0,8.0,128.0,0.6071,full,,1.0,633.0,640.5,0.2596,0.01642,1.3998,0.9995,303,0.0,True,0.0,stage_3_quality_recovery,146.34,18.29,0.001783,0.06159,211.91,26.455253,45.299936,0.6234,1.027,7.5,0.9375,A,-,0,0.7272,2455.5,0.2734,high
id_010034,Al-Khaniqiyah,2011,8.0,6.0,189.0,0.6782,full,,1.0,818.0,828.5,0.2037,0.01823,1.4208,0.9927,234,0.0,True,0.0,stage_2_upstream_walk,88.51,14.75,0.03204,0.1569,307.13,24.273056,45.059444,0.68,1.003,10.5,1.75,A,narrow_valley,1,2.262,2519.1,1.0,fully_silted
id_010035,Khanqat 'Arwah,2011,6.5,5.0,278.0,0.6801,full,,1.0,914.5,922.5,0.4239,0.2473,1.1595,0.999,486,0.0,True,0.0,stage_1_fast_path,590.66,118.13,0.003373,0.06496,1082.81,23.968821,44.909614,0.821,1.207,8.0,1.6,A,-,0,0.9944,2513.0,1.0,fully_silted
id_010036,Al-Hadar,2010,10.0,8.0,400.0,1.9,full,,1.0,721.0,730.0,0.5678,8.449e-06,1.9805,0.9991,642,0.0,True,0.0,stage_1_fast_path,446.07,55.76,0.003912,0.1199,230.5,21.921389,45.934167,2.118,1.115,9.0,1.125,A,-,0,1.113,2602.4,0.1662,moderate
id_010037,Al-Jufir,2011,5.5,4.0,578.0,0.5756,full,,1.0,796.5,803.0,0.3743,0.0494,1.2702,0.9997,429,0.0,True,0.0,stage_1_fast_path,620.28,155.07,0.005546,0.08996,80.59,23.985878,46.247886,0.5891,1.023,6.5,1.625,A,height_noise,1,3.33,2545.1,0.538,severe
id_010038,Al-Fahihal,2010,6.0,4.0,228.0,0.802,full,,1.0,775.0,781.52,0.1025,1.592e-05,2.0363,0.984,119,0.0,False,0.0,stage_1_fast_path,146.71,36.68,0.003824,0.06914,5.739,25.7775,45.265833,0.2861,0.3567,6.521,1.63,B,height_noise,1,11.43,2479.6,0.1007,moderate
id_010039,Al-Rayn Bin 'Asaylan,2011,10.0,8.0,125.0,0.8262,full,,1.0,800.0,810.36,0.09789,7.036e-07,2.3542,0.9939,112,0.0,False,0.0,stage_2_upstream_walk,147.82,18.48,0.005734,0.1811,589.42,23.666615,45.375946,0.4097,0.4959,10.36,1.294,B,-,0,2.445,2531.1,1.0,fully_silted
id_010040,Warat,2012,8.0,6.0,328.0,0.8813,full,,1.0,776.0,783.0,0.4659,0.001561,1.5589,0.9984,540,0.0,True,0.0,stage_1_fast_path,323.09,53.85,0.008986,0.1227,25.9,25.511667,45.519167,1.1,1.248,7.0,1.167,A,-,0,4.594,2489.2,0.1454,moderate
id_010041,Salabawakh,2008,12.0,10.0,125.0,0.9312,full,,1.0,690.0,701.5,0.3255,0.005604,1.4997,0.9987,376,0.0,True,0.0,stage_1_fast_path,235.4,23.54,0.01057,0.06599,300.43,25.074095,46.336166,1.028,1.104,11.5,1.15,A,-,0,1.717,2497.2,0.767,severe
id_010042,Al-'Afaj,2013,6.0,4.0,1309.0,0.9635,full,,1.0,705.5,714.0,0.4776,0.08745,1.243,0.9997,546,0.0,True,0.0,stage_2_upstream_walk,1271.75,317.94,0.003919,0.05531,1363.1,23.564587,45.614631,1.002,1.04,8.5,2.125,A,height_noise,1,2.429,2550.3,1.0,fully_silted
id_010043,Al-'Ayinah,1968,5.0,3.0,400.0,0.1,full,,1.0,775.0,783.5,0.0676,6.029,0.8839,0.9854,78,0.0,True,0.0,stage_1_fast_path,147.19,49.06,0.003623,0.04425,33.15,24.944444,46.345833,0.1131,1.131,8.5,2.833,B,height_noise;pre_srtm,2,1.294,2508.8,1.0,fully_silted
id_010044,Al-Ghat,1975,10.5,9.0,180.0,1.0,full,,1.0,713.5,727.5,0.3216,0.1631,1.2329,0.9919,374,0.0,True,0.0,stage_1_fast_path,205.25,22.81,0.006864,0.1119,45.24,25.967778,45.035278,1.084,1.084,14.0,1.556,A,pre_srtm,1,1.36,2483.5,0.2414,moderate
id_010045,Hawatah Sadir,1981,14.0,12.0,500.0,1.0,full,,1.0,710.5,724.5,0.4225,0.8624,1.0895,0.9993,490,0.0,True,0.0,stage_1_fast_path,411.1,34.26,0.0007932,0.07667,224.86,25.590158,45.585831,1.182,1.182,14.0,1.167,A,pre_srtm,1,2.164,2475.0,1.0,fully_silted
id_010046,Al-Wasi'ah,1981,6.5,4.0,180.0,0.1,full,,1.0,714.5,720.0,0.0576,0.01048,1.47,0.9968,67,0.0,True,0.0,stage_3_quality_recovery,234.56,58.64,0.01781,0.1251,4.062,25.986667,45.014167,0.1053,1.053,5.5,1.375,A,height_noise;pre_srtm,2,2.984,2483.5,0.4196,high
id_010049,Al-Maliyah,1982,8.0,6.0,300.0,0.061,full,,1.0,737.0,742.5,0.07875,0.6633,1.0458,0.9985,91,0.0,True,0.0,stage_3_quality_recovery,294.17,49.03,0.01414,0.09777,349.19,25.126667,46.164444,0.08675,1.422,5.5,0.9167,A,pre_srtm,1,1.681,,1.0,fully_silted
id_010050,Al-Ha'ir Bin Al-Majma'ah,1985,11.0,9.0,220.0,1.0,full,,1.0,755.5,766.5,0.316,0.006193,1.496,0.9982,367,0.0,True,0.0,stage_1_fast_path,264.08,29.34,0.001445,0.07004,48.57,25.786674,45.368297,1.073,1.073,11.0,1.222,A,pre_srtm,1,1.597,2479.6,0.2446,moderate
id_010051,Al-Hariq Bin Al-Washam,1985,6.0,4.0,400.0,0.5,full,,1.0,739.0,744.35,0.1933,0.03388,1.3126,0.9912,224,0.0,False,0.0,stage_2_upstream_walk,117.5,29.38,0.01071,0.09436,24.63,25.481038,45.379929,0.3111,0.6221,5.353,1.338,A,height_noise;pre_srtm,2,4.043,2490.1,0.6281,severe
id_010052,Namar,1959,8.0,6.0,400.0,1.5,full,,1.0,576.5,595.0,0.3198,0.08315,1.3176,0.9989,368,0.0,True,0.0,stage_2_upstream_walk,235.85,39.31,0.003078,0.0739,189.95,24.5745,46.686333,1.507,1.004,18.5,3.083,D,pre_srtm,1,1.494,2520.2,0.9751,severe
id_010053,Hanifah,1960,8.0,6.0,390.0,1.4,full,,1.0,598.0,617.5,0.4343,0.1949,1.214,0.9952,500,0.0,True,0.0,stage_2_upstream_walk,265.24,44.21,0.0007337,0.137,1668.89,24.657778,46.609167,1.428,1.02,19.5,3.25,D,pre_srtm,1,1.643,2520.2,1.0,fully_silted
id_010054,Al-Shamam,1981,6.0,4.0,100.0,1.5,full,,1.0,909.0,919.49,0.1134,0.01465,1.4787,0.9962,130,0.0,False,0.0,stage_3_quality_recovery,118.12,29.53,0.02463,0.2106,7.481,24.005556,45.010278,0.4554,0.3036,10.49,2.622,B,height_noise;pre_srtm,2,14.76,2514.9,0.2548,high
id_010055,Al-Nasaq,1981,10.0,8.0,100.0,1.5,full,,1.0,911.5,929.18,0.2145,1.973e-05,2.0341,0.9938,246,0.0,False,0.0,stage_1_fast_path,147.65,18.46,0.005283,0.1815,4.042,23.995111,45.012222,1.503,1.002,17.68,2.211,A,pre_srtm,1,15.89,2514.9,0.1482,moderate
id_010056,Dharmah,1982,6.0,4.0,1450.0,1.5,full,,1.0,659.0,666.0,0.7839,0.001863,1.5125,0.9984,903,0.0,True,0.0,stage_1_fast_path,1826.78,456.69,0.002488,0.0419,4.924,24.679167,46.107778,1.558,1.038,7.0,1.75,A,height_noise;pre_srtm,2,12.4,2520.9,0.1378,moderate
id_010057,Al-Qawi'ah,1982,9.0,7.0,250.0,1.5,full,,1.0,830.0,840.0,0.6582,0.1033,1.2422,0.9981,755,0.0,True,0.0,stage_3_quality_recovery,324.79,46.4,0.003929,0.1141,248.59,24.040833,45.231333,1.773,1.182,10.0,1.429,A,pre_srtm,1,1.552,2515.7,0.8705,severe
id_010058,Hadijah,1984,7.0,5.0,350.0,1.2,full,,1.0,1033.0,1049.0,0.5399,9.703,0.8896,0.9984,621,0.0,True,0.0,stage_5_relaxed_alignment,648.67,129.73,0.008547,0.1169,15.89,24.547867,43.248611,1.239,1.032,16.0,3.2,D,pre_srtm,1,10.39,2525.1,0.4445,high
id_010059,Al-Muzayri'ah,1985,4.0,3.0,580.0,0.39,full,,1.0,750.0,758.0,0.1822,0.008087,1.4769,0.9991,210,0.0,True,0.0,stage_1_fast_path,559.65,186.55,0.01835,0.1322,135.89,24.781583,46.336556,0.4726,1.212,8.0,2.667,A,height_noise;pre_srtm,2,3.299,2508.8,1.0,fully_silted
id_010060,Lasad,1986,13.9,11.0,275.0,1.5,full,,1.0,639.0,654.82,0.2756,0.003993,1.5638,0.9931,315,0.0,False,0.0,stage_1_fast_path,236.62,21.51,0.05033,0.2424,58.98,23.626667,46.6325,1.398,0.9322,15.82,1.438,A,pre_srtm,1,4.75,2536.8,0.5747,severe
id_010061,Jalajil,1975,12.0,10.0,360.0,1.75,full,,1.0,774.5,786.5,0.6395,0.1805,1.2099,0.9997,742,0.0,True,0.0,stage_3_quality_recovery,645.85,64.58,0.004664,0.06744,79.39,25.651115,45.420007,1.896,1.084,12.0,1.2,A,pre_srtm,1,2.408,2479.6,0.4286,high
id_010062,Al-Khanqah,2007,12.0,10.0,196.0,1.9325,full,,1.0,876.0,892.0,0.503,0.04953,1.3349,0.9951,577,0.0,True,0.0,stage_1_fast_path,206.67,20.67,0.0009023,0.2306,1687.09,24.049167,44.968611,2.148,1.111,16.0,1.6,A,-,0,1.283,2513.8,1.0,fully_silted
id_010063,Laban,1959,12.0,10.0,500.0,2.0,full,,1.0,621.5,633.5,0.6751,0.04468,1.3242,0.999,777,0.0,True,0.0,stage_1_fast_path,324.23,32.42,0.03357,0.1436,201.33,24.621139,46.605278,2.315,1.158,12.0,1.2,A,pre_srtm,1,2.283,2520.2,1.0,fully_silted
id_010064,Thadiq,1976,6.0,4.0,850.0,2.0,full,,1.0,707.5,716.1,0.2826,0.008818,1.4468,0.9917,327,0.0,False,0.0,stage_2_upstream_walk,352.79,88.2,0.004192,0.07795,4.02,25.276489,45.875899,0.7409,0.3705,8.596,2.149,B,height_noise;pre_srtm,2,18.8,2501.2,0.1453,moderate
id_010065,Al-Ahmar,2008,8.0,6.0,1045.0,2.3944,full,,1.0,733.5,744.5,1.109,0.1914,1.173,0.9991,1257,0.0,True,0.0,stage_3_quality_recovery,742.42,123.74,0.008636,0.08877,300.59,22.370833,46.116667,2.401,1.003,11.0,1.833,A,-,0,1.707,2583.4,0.2967,high
id_010066,Harimilah,1970,6.0,5.0,1250.0,1.5,full,,1.0,769.5,783.5,0.6292,2.892,0.9869,0.9984,727,0.0,True,0.0,stage_2_upstream_walk,647.23,129.45,0.005902,0.05104,149.77,25.099325,46.080975,1.517,1.011,14.0,2.8,A,pre_srtm,1,3.064,2501.9,1.0,fully_silted
id_010067,Al-Matirafi'ah,1985,5.0,4.0,875.0,0.14,full,,1.0,724.5,731.5,0.1067,1.406,1.0022,0.997,123,0.0,True,0.0,stage_1_fast_path,942.71,235.68,0.003743,0.05488,142.29,24.746333,46.390722,0.1512,1.08,7.0,1.75,A,height_noise;pre_srtm,2,2.398,2522.2,1.0,fully_silted
id_010068,Al-Rawdah,1976,14.0,12.0,554.0,3.0,full,,1.0,736.0,750.0,1.137,0.09087,1.2497,0.9996,1319,0.0,True,0.0,stage_1_fast_path,557.87,46.49,0.002,0.07635,146.96,25.609444,45.510278,3.373,1.124,14.0,1.167,A,pre_srtm,1,2.532,2475.0,0.4771,high
id_010069,Al-Hanabij,1978,8.0,6.0,700.0,1.5,partial,1015.0,0.9994,1015.0,1019.0,0.6318,5.054e-10,2.6848,0.9542,724,0.0,True,0.0,stage_1_fast_path,649.91,108.32,0.007374,0.06586,59.77,23.99162,43.332023,1.795,1.197,4.0,0.6667,B,pre_srtm,1,2.655,2536.0,0.3906,high
id_010070,Hawtat Bani Tamim,1984,13.0,11.0,770.0,9.0566,full,,1.0,569.5,589.5,2.76,0.01996,1.3467,0.9982,3152,0.0,True,0.0,stage_2_upstream_walk,798.94,72.63,0.01889,0.1638,1736.61,23.525,46.793306,9.447,1.043,20.0,1.818,A,pre_srtm,1,4.285,2553.6,1.0,fully_silted
id_010071,Al-Ha'ir,1976,14.0,12.0,400.0,3.8,full,,1.0,509.5,524.5,0.8946,0.01107,1.4351,0.9991,1028,0.0,True,0.0,stage_3_quality_recovery,294.99,24.58,0.01952,0.06375,2962.12,24.419556,46.813167,3.876,1.02,15.0,1.25,A,pre_srtm,1,1.15,2529.9,1.0,fully_silted
id_010072,Al-Hariq,1983,10.0,8.0,1700.0,6.0,full,,1.0,705.0,719.0,2.255,0.06553,1.2552,0.9995,2579,0.0,True,0.0,stage_1_fast_path,1833.41,229.18,0.0006763,0.05288,615.43,23.671156,46.426503,6.249,1.042,14.0,1.75,A,pre_srtm,1,4.727,2546.3,1.0,fully_silted
id_010073,Al-Halwah,2001,15.0,13.0,700.0,10.0,full,,1.0,627.0,645.0,1.84,3.044e-05,1.8409,0.9983,2101,0.0,True,0.0,stage_1_fast_path,1302.25,100.17,0.03565,0.1765,224.1,23.451103,46.690972,10.49,1.049,18.0,1.385,A,-,0,5.289,2552.4,0.2279,moderate
id_010074,Ghubaira,1970,6.0,4.0,170.0,0.09,full,,1.0,656.0,662.5,0.03732,0.01803,1.4633,0.9726,43,0.0,True,0.0,stage_3_quality_recovery,117.85,29.46,0.008697,0.07016,1370.91,24.747948,46.544507,0.0996,1.107,6.5,1.625,B,height_noise;pre_srtm,2,3.528,,1.0,fully_silted
id_010075,Al-Jafnah,1982,6.0,4.0,220.0,0.1,full,,1.0,1002.0,1005.5,0.1072,0.0001052,1.8167,0.9965,123,0.0,True,0.0,stage_1_fast_path,324.75,81.19,0.005827,0.122,15.97,24.157675,43.449883,0.1477,1.477,3.5,0.875,A,height_noise;pre_srtm,2,3.046,2541.2,1.0,fully_silted
id_010076,Isam,1982,6.0,4.0,180.0,0.126,full,,1.0,1033.0,1036.88,0.05642,7.304e-07,2.3588,0.9978,65,0.0,False,0.0,stage_2_upstream_walk,206.24,51.56,0.002539,0.03172,4.425,24.720461,43.610381,0.1187,0.9421,3.883,0.9707,A,height_noise;pre_srtm,2,1.133,2513.1,0.1347,moderate
id_010077,Al-Ma'idhar,2012,6.5,5.0,173.0,0.1877,full,,1.0,723.0,728.5,0.1136,0.01874,1.3933,0.9976,132,0.0,True,0.0,stage_1_fast_path,175.99,35.2,0.008909,0.06271,13.67,25.879722,45.349167,0.2104,1.121,5.5,1.1,A,-,0,1.592,2475.8,0.1249,moderate
id_010078,Al-Rimah,1975,11.0,9.0,95.0,0.2,full,,1.0,733.5,739.5,0.1279,0.01217,1.424,0.9955,148,0.0,True,0.0,stage_5_relaxed_alignment,1293.52,143.72,0.006581,0.04329,14.27,25.262201,45.199849,0.2342,1.171,6.0,0.6667,A,pre_srtm,1,2.03,2496.7,0.5682,severe
id_010079,Al-Buq,2017,5.0,4.0,359.0,0.2215,full,,1.0,959.5,964.05,0.06243,1.863e-05,2.0553,0.9816,71,0.0,False,0.0,stage_2_upstream_walk,296.54,74.13,0.00499,0.1744,4.761,22.766667,44.8675,0.1471,0.6641,4.551,1.138,B,height_noise,1,0.2307,,0.003433,low
id_010080,Al-Tamriyah,1982,6.0,4.0,360.0,0.2419,full,,1.0,626.0,631.65,0.07326,0.000935,1.6968,0.9812,85,0.0,False,0.0,stage_1_fast_path,234.86,58.72,0.003365,0.07049,17.08,25.663353,45.906617,0.1894,0.7829,5.652,1.413,B,height_noise;pre_srtm,2,2.045,2479.4,0.4887,high
id_010081,Hajilah,1982,6.5,5.0,150.0,0.197,full,,1.0,808.0,810.49,0.01222,1.691e-05,2.2058,0.9707,14,0.0,False,0.0,stage_1_fast_path,147.73,29.55,0.002224,0.1103,22.24,23.851395,45.396239,0.01702,0.08641,2.486,0.4972,D,sub_pixel;pre_srtm,2,5.483,2537.4,1.0,fully_silted
id_010082,Safar,1970,4.0,3.0,325.0,0.3,full,,1.0,640.0,652.9,0.0816,12.5,0.8583,0.9856,94,0.0,False,0.0,stage_2_upstream_walk,265.17,88.39,0.00841,0.1024,59.52,24.726056,46.551944,0.2099,0.6995,12.9,4.298,D,height_noise;pre_srtm,2,2.912,2520.2,1.0,fully_silted
id_010083,Ashirah,1977,5.0,3.0,300.0,0.3,full,,1.0,670.5,675.5,0.2017,0.003579,1.5089,0.9995,234,0.0,True,0.0,stage_1_fast_path,264.24,88.08,0.0009831,0.04839,488.09,25.634444,45.693889,0.3592,1.197,5.0,1.667,A,height_noise;pre_srtm,2,1.061,2475.0,1.0,fully_silted
id_010084,Al-Halifah,1982,12.0,10.0,110.0,0.4,,,,,,,,,,,,,,,1470.64,147.06,0.0202,0.04079,17.36,25.128333,45.386944,,,,,,,,1.908,2494.2,0.2803,high
id_010085,Al-Sadarih,1982,4.0,4.0,150.0,0.3,full,,1.0,919.5,920.44,0.007862,,,,9,0.0,False,,stage_6_fallback,118.23,29.56,0.004826,0.1129,10.91,23.741944,45.151389,0.003494,0.01165,0.9427,0.2357,F,sub_pixel;height_noise;pre_srtm,3,7.246,2533.0,0.8919,severe
id_010086,Al-Sadirah Am Nakhlah,1982,6.5,5.0,150.0,0.216,full,,1.0,696.0,703.5,0.05842,5.121e-05,2.0162,0.993,68,0.0,True,0.0,stage_2_upstream_walk,117.24,23.45,0.002488,0.08822,13.37,26.070556,44.966944,0.2199,1.018,7.5,1.5,A,pre_srtm,1,5.465,2477.0,1.0,fully_silted
id_010087,Al-Haysiyah,2009,7.0,5.0,383.0,0.4365,full,,1.0,797.0,801.71,0.1222,0.002028,1.5722,0.9807,141,0.0,False,0.0,stage_1_fast_path,294.4,58.88,0.01117,0.08549,129.2,24.917222,46.180833,0.2225,0.5098,4.711,0.9423,B,-,0,3.012,2512.9,1.0,fully_silted
id_010088,Sh'ib Al-Isar,2015,9.0,7.0,130.0,0.7195,full,,1.0,634.5,643.0,0.2714,0.001875,1.5901,0.997,304,0.0,True,0.0,stage_3_quality_recovery,119.52,17.07,0.002806,0.09463,120.22,20.340036,45.395295,0.85,1.181,8.5,1.214,A,-,0,0.871,2641.8,0.1231,moderate
id_010090,Al-Barah,1982,6.5,5.0,750.0,0.6,full,,1.0,725.0,729.5,0.5259,0.006355,1.4091,0.9993,607,0.0,True,0.0,stage_1_fast_path,794.73,158.95,0.004346,0.06622,79.17,24.94801,45.897367,0.7373,1.229,4.5,0.9,A,pre_srtm,1,2.065,2508.6,0.9222,severe
id_010091,Al-Majma'ah,1969,8.0,6.0,360.0,1.3,full,,1.0,725.0,736.5,0.5619,0.1524,1.2156,0.9992,653,0.0,True,0.0,stage_3_quality_recovery,234.67,39.11,0.00945,0.09383,361.3,25.858257,45.275633,1.496,1.151,11.5,1.917,A,pre_srtm,1,1.402,2475.8,1.0,fully_silted
id_010092,Al-Safrat,1977,13.0,11.0,490.0,0.935,full,,1.0,716.0,729.0,0.3648,0.03885,1.3265,0.9988,422,0.0,True,0.0,stage_2_upstream_walk,646.81,58.8,0.007618,0.1519,74.14,25.275316,46.025063,0.9409,1.006,13.0,1.182,A,pre_srtm,1,3.398,2501.9,1.0,fully_silted
id_010093,Samnan,1979,21.0,19.0,150.0,1.5,full,,1.0,667.0,682.5,0.3826,0.1355,1.2674,0.9989,446,0.0,True,0.0,stage_2_upstream_walk,322.18,16.96,0.02211,0.06114,55.48,26.267931,44.881722,1.627,1.085,15.5,0.8158,A,pre_srtm,1,4.488,2477.0,0.6001,severe
id_010094,Al-Ghil,1984,12.0,10.0,126.0,2.5,full,,1.0,702.5,713.0,0.7839,2.029e-05,1.8811,0.9869,890,0.0,False,0.0,stage_2_upstream_walk,148.39,14.84,0.0122,0.1153,436.56,22.600798,46.459552,2.797,1.119,10.5,1.05,B,pre_srtm,1,2.878,2572.9,1.0,fully_silted
id_010095,Al-Alab,1974,10.0,8.0,200.0,3.0,full,,1.0,650.5,668.0,0.7628,0.6998,1.1334,0.9991,879,0.0,True,0.0,stage_3_quality_recovery,324.04,40.51,0.007798,0.09561,1326.53,24.774639,46.530889,3.249,1.083,17.5,2.188,A,pre_srtm,1,1.714,2520.2,1.0,fully_silted
id_010096,Al-Mushaqar,2008,15.0,13.0,400.0,5.5792,full,,1.0,720.0,736.5,1.733,0.07783,1.2652,0.9997,2014,0.0,True,0.0,stage_1_fast_path,528.0,40.62,0.01204,0.08151,259.65,25.863889,45.282222,6.118,1.096,16.5,1.269,A,-,0,1.503,2475.8,0.09685,low
id_010097,Ari'ah Al-Janubi,2011,10.5,8.0,93.0,0.0506,full,,1.0,649.5,655.0,0.02143,0.008869,1.5673,0.9838,25,0.0,True,0.0,stage_1_fast_path,117.12,14.64,0.001242,0.04851,4.528,26.336944,44.844444,0.05252,1.038,5.5,0.6875,B,sub_pixel,1,0.2037,,0.02103,low
id_010098,Abaraqih,2011,3.5,1.5,753.0,0.1338,full,,1.0,956.5,960.72,0.09329,0.02081,1.3563,0.963,107,0.0,False,0.0,stage_2_upstream_walk,88.58,59.06,0.001155,0.03334,892.68,24.183789,42.869732,0.1286,0.9612,4.215,2.81,D,narrow_valley;height_noise,2,0.7478,2547.0,1.0,fully_silted
id_010102,Al-Kalbi,2011,7.0,3.5,541.0,0.5956,full,,1.0,723.5,729.0,0.4308,0.002597,1.4917,0.9991,501,0.0,True,0.0,stage_1_fast_path,615.81,175.95,0.0009553,0.04628,169.35,25.946111,45.253889,0.6585,1.106,5.5,1.571,A,height_noise,1,0.8057,2475.8,0.2643,high
id_010103,Khaim,2018,7.0,4.0,480.0,0.5695,full,,1.0,919.0,925.01,0.1249,6.997e-05,1.8686,0.9724,142,0.0,False,0.0,stage_3_quality_recovery,88.96,22.24,0.0009467,0.1324,74.54,22.753504,44.918774,0.2713,0.4763,6.006,1.501,B,narrow_valley;height_noise,2,1.022,,0.08232,low
id_010104,Ba'ij,2017,8.0,4.0,207.0,0.14,full,,1.0,701.5,708.62,0.04211,9.274e-05,1.9871,0.9933,49,0.0,False,0.0,stage_3_quality_recovery,175.9,43.97,0.04463,0.1239,5.513,26.020773,45.018252,0.15,1.071,7.116,1.779,A,height_noise,1,0.2663,,0.00726,low
id_010105,Ari'ah Al-Shamali,2011,10.5,8.0,71.0,0.0377,full,,1.0,647.0,652.5,0.01886,0.01459,1.5142,0.9781,22,0.0,True,0.0,stage_2_upstream_walk,87.84,10.98,0.0008636,0.04902,4.465,26.339944,44.841094,0.04587,1.215,5.5,0.6875,B,sub_pixel;narrow_valley,2,0.1885,,0.02576,low
id_010106,Ruwaighib,2017,7.0,4.0,236.0,0.14,full,,1.0,651.0,659.0,0.04741,0.0001132,1.9432,0.9867,55,0.0,True,0.0,stage_5_relaxed_alignment,176.17,44.04,0.0154,0.08461,5.32,25.670833,46.384722,0.1422,1.016,8.0,2.0,B,height_noise,1,1.863,2484.9,0.04901,low
id_010107,Malih,2014,10.5,7.875,219.0,0.226,full,,1.0,675.0,687.0,0.0644,0.06723,1.371,0.9954,75,0.0,True,0.0,stage_2_upstream_walk,205.12,26.05,0.00211,0.08887,16.3,26.142213,44.933775,0.2554,1.13,12.0,1.524,A,-,0,0.5339,,0.03554,low
id_010108,Aba Al-Lasf,2017,9.0,6.75,285.0,0.7003,full,,1.0,571.0,580.0,0.2278,1.741e-05,1.9831,0.989,260,0.0,True,0.0,stage_1_fast_path,207.18,30.69,0.01747,0.09423,34.18,23.471111,46.853333,0.7551,1.078,9.0,1.333,B,-,0,1.052,,0.03555,low
id_010110,Wadi Asimar,2017,12.0,9.0,174.0,0.7265,full,,1.0,648.5,658.0,0.255,0.001713,1.6061,0.9994,286,0.0,True,0.0,stage_3_quality_recovery,179.17,19.91,0.01259,0.08097,131.81,20.55081,45.439544,0.826,1.137,9.5,1.056,A,-,0,0.9029,,0.1134,moderate
id_010112,Al-Khadar,2017,8.5,6.375,135.0,0.2651,full,,1.0,844.5,848.73,0.03571,1.924e-07,2.5514,0.9631,41,0.0,False,0.0,stage_3_quality_recovery,147.55,23.15,0.02,0.1172,123.68,24.185637,45.09045,0.086,0.3244,4.227,0.663,B,-,0,0.1597,2515.7,0.05158,low
id_010113,Turif,2017,6.0,4.5,90.0,0.08,full,,1.0,922.5,927.48,0.01846,0.00206,1.7243,0.9742,21,0.0,False,0.0,stage_1_fast_path,88.96,19.77,0.04944,0.1411,6.966,22.776839,44.816382,0.04418,0.5523,4.983,1.107,B,sub_pixel;narrow_valley;height_noise,3,0.7025,,0.04235,low
id_010114,Samanan Al-Tad'imi,2014,10.0,7.5,122.0,0.28,full,,1.0,692.0,699.0,0.151,0.1253,1.2343,0.9953,176,0.0,True,0.0,stage_1_fast_path,175.74,23.43,0.004615,0.04304,45.65,26.251389,44.890556,0.3106,1.109,7.0,0.9333,A,-,0,0.7974,2477.0,0.12,moderate
id_010115,Ari'ah Al-Sharqi 1,2014,8.5,6.375,127.0,0.064,full,,1.0,672.5,676.65,0.01629,0.004209,1.6319,0.9734,19,0.0,False,0.0,stage_1_fast_path,204.97,32.15,0.001791,0.04443,5.442,26.337337,44.84717,0.0343,0.5359,4.153,0.6515,D,sub_pixel,1,0.3974,,0.03119,low
id_010116,Ari'ah Al-Sharqi 2,2014,7.0,5.25,291.0,0.076,full,,1.0,678.0,681.84,0.02401,0.007605,1.5363,0.9864,28,0.0,False,0.0,stage_2_upstream_walk,380.65,72.5,0.005933,0.04027,5.442,26.340833,44.849722,0.04094,0.5387,3.836,0.7307,B,sub_pixel,1,0.3974,,0.02627,low
id_020000,Marikh,2014,12.0,9.0,365.0,3.65,full,,1.0,55.5,74.43,0.7361,0.03442,1.362,0.9975,832,0.0,False,-237.95,stage_4_river_retry,1041.05,115.67,0.006416,0.08824,35.39,21.82343333,39.24988889,3.557,0.9744,18.93,2.104,A,-,0,6.47,2535.6,0.05791,low
id_020001,Ghaya,2013,19.0,14.25,630.0,7.13,full,,1.0,66.0,90.5,1.209,0.01087,1.4477,0.9961,1366,0.0,True,0.0,stage_2_upstream_walk,654.46,45.93,0.007151,0.1309,45.22,21.78256944,39.27240556,7.302,1.024,24.5,1.719,A,-,0,6.478,2535.6,0.04108,low
id_020002,Am Hablayn,2013,10.0,7.5,795.0,4.97,full,,1.0,51.0,60.22,0.8269,8.628e-06,1.9416,0.9971,934,0.0,False,0.0,stage_3_quality_recovery,714.09,95.21,0.003269,0.08012,38.42,21.723042,39.238089,2.807,0.5647,9.223,1.23,A,-,0,6.298,2519.6,0.04869,low
id_020003,Daghbaj,2013,14.0,10.5,630.0,5.13,full,,1.0,62.5,74.13,0.9618,5.412e-05,1.8197,0.9972,1086,0.0,False,0.0,stage_5_relaxed_alignment,1785.56,170.05,0.01842,0.1161,43.99,21.66448056,39.25558889,4.45,0.8675,11.63,1.108,A,-,0,9.799,2519.6,0.08403,low
id_020004,Burayman,2013,20.0,15.0,200.0,5.99,full,,1.0,58.5,71.5,1.812,0.001781,1.5248,0.999,2046,0.0,True,0.0,stage_5_relaxed_alignment,446.42,29.76,0.002334,0.08652,51.16,21.64580833,39.25259722,6.198,1.035,13.0,0.8667,A,-,0,5.089,2519.6,0.04346,low
id_020005,Ghulail Al-Shamali,2013,10.0,7.5,1200.0,1.02,full,,1.0,66.5,83.5,0.51,0.5286,1.1091,0.9941,575,0.0,True,0.0,stage_3_quality_recovery,238.25,31.77,0.006062,0.1211,25.09,21.42416389,39.32467778,1.162,1.139,17.0,2.267,A,-,0,1.646,2486.4,0.04049,low
id_020015,Turabah,1981,20.0,16.0,494.0,20.0,full,,1.0,1190.5,1219.89,3.499,0.02991,1.3348,0.9972,3928,0.0,False,0.0,stage_2_upstream_walk,507.35,31.71,0.007134,0.07054,4692.55,21.013245,41.504203,17.13,0.8566,29.39,1.837,A,pre_srtm,1,3.024,2566.3,1.0,fully_silted
id_020017,Al-Marwani,2009,61.0,53.35,580.0,183.6,full,,1.0,184.0,243.39,7.725,0.002587,1.5742,0.9988,8751,0.0,False,0.0,stage_3_quality_recovery,564.52,10.58,0.03471,0.1741,2774.66,22.17922,39.570881,179.83,0.9795,59.39,1.113,A,-,0,3.652,2551.8,0.07217,low
id_020018,Rabigh,2008,60.0,50.5,381.0,220.35,full,,1.0,111.5,168.76,11.83,0.7014,1.1881,0.9981,13456,0.0,False,0.0,stage_1_fast_path,385.43,7.632,0.007795,0.1267,3719.26,22.821667,39.375833,175.9,0.7983,57.26,1.134,A,-,0,3.986,2560.7,0.09316,low
id_020019,Hali,2009,57.0,47.0,384.0,254.0,full,,1.0,73.0,119.95,14.62,0.009151,1.4504,0.9998,16199,0.0,False,0.0,stage_2_upstream_walk,390.54,8.309,0.01543,0.1855,4897.34,18.7675,41.575,227.69,0.8964,46.95,0.9989,A,-,0,9.66,2458.1,0.2436,moderate
id_020020,Al-Naqabiyah,1989,20.0,18.0,132.0,10.0,full,,1.0,968.0,989.5,1.513,0.00865,1.4763,0.9945,1700,0.0,True,0.0,stage_5_relaxed_alignment,745.94,41.44,0.0008336,0.04243,8135.76,21.068958,42.575023,10.64,1.064,21.5,1.194,A,pre_srtm,1,1.645,2588.9,1.0,fully_silted
id_020021,Al-Lith,2009,44.5,33.375,420.0,88.0,full,,1.0,196.5,231.64,4.099,0.001203,1.5992,0.9952,4593,0.0,False,0.0,stage_2_upstream_walk,358.48,10.74,0.01237,0.2756,1888.59,20.51,40.477222,48.93,0.556,35.14,1.053,A,-,0,4.871,2461.0,0.1367,moderate
id_020023,Qanuna,2015,46.0,38.0,326.0,79.2,full,,1.0,211.5,248.84,5.898,0.002418,1.5503,0.9997,6553,0.0,False,0.0,stage_1_fast_path,330.01,8.684,0.04091,0.2272,1393.7,19.255286,41.559011,76.25,0.9627,37.34,0.9826,A,-,0,7.617,2453.2,0.1134,moderate
id_020024,Al-Manadhah,2003,12.0,8.5,65.0,0.107,full,,1.0,1907.5,1911.79,0.01248,0.002592,1.7214,0.9634,14,0.0,False,0.0,stage_1_fast_path,89.58,10.54,0.02619,0.3056,4.117,20.7225,40.903889,0.02965,0.2771,4.29,0.5047,D,sub_pixel;narrow_valley,2,13.1,2403.9,0.8918,severe
id_020025,Katnah,2014,17.0,14.0,92.2,0.1147,full,,1.0,1728.0,1737.5,0.03919,0.02038,1.4835,0.9959,44,0.0,True,0.0,stage_2_upstream_walk,149.22,10.66,0.03008,0.3319,23.37,20.902461,40.92971,0.1309,1.142,9.5,0.6786,A,-,0,10.63,2417.0,1.0,fully_silted
id_020026,Atam,1983,13.0,10.0,68.0,0.041,full,,1.0,1834.0,1840.5,0.01423,0.0007492,1.8519,0.9632,16,0.0,True,0.0,stage_2_upstream_walk,119.29,11.93,0.04654,0.2139,4.29,21.072053,40.494542,0.04269,1.041,6.5,0.65,D,sub_pixel;pre_srtm,2,0.175,,0.06057,low
id_020027,Damah,1984,10.0,8.5,71.0,0.083,full,,1.0,1805.0,1810.5,0.03656,2.244e-05,2.1161,0.992,41,0.0,True,0.0,stage_2_upstream_walk,328.49,38.65,0.006946,0.269,15.65,20.689167,40.893333,0.09966,1.201,5.5,0.6471,A,pre_srtm,1,0.2509,,0.1528,moderate
id_020028,Ghurif Jidarah,1983,15.0,12.0,100.0,0.04,full,,1.0,2064.5,2070.0,0.01514,1.649e-06,2.4884,0.9761,17,0.0,True,0.0,stage_2_upstream_walk,149.21,12.43,0.03807,0.2834,5.312,20.902058,40.74965,0.04007,1.002,5.5,0.4583,D,sub_pixel;pre_srtm,2,0.08782,,0.03858,low
id_020029,Dhari,2013,6.0,5.0,370.0,0.1719,full,,1.0,920.5,925.5,0.1129,0.002712,1.5627,0.9965,128,0.0,True,0.0,stage_1_fast_path,445.4,89.08,0.00106,0.0381,27.59,22.57571,41.349388,0.2206,1.284,5.0,1.0,A,-,0,0.8044,2574.1,0.1291,moderate
id_020030,Al-Raghiyah Riman,2011,8.0,5.0,113.0,0.1716,full,,1.0,966.0,969.0,0.07898,9.021e-07,2.2727,0.9546,90,0.0,False,0.0,stage_2_upstream_walk,207.37,41.47,0.004118,0.03158,61.14,23.330757,41.624444,0.14,0.8158,3.003,0.6006,B,-,0,0.4793,2569.6,0.197,moderate
id_020031,Al-Shawahitah,1984,17.0,16.0,68.0,0.21,full,,1.0,1936.5,1948.0,0.04095,0.005779,1.6362,0.9932,46,0.0,True,0.0,stage_2_upstream_walk,149.18,9.323,0.02529,0.1984,9.683,20.986314,40.832006,0.2123,1.011,11.5,0.7188,A,pre_srtm,1,7.745,2481.0,1.0,fully_silted
id_020032,Nawafilah,1987,15.0,12.0,138.0,0.222,full,,1.0,2084.5,2098.27,0.008911,0.02724,1.6014,0.9789,10,0.0,False,0.0,stage_2_upstream_walk,149.26,12.44,0.01777,0.2681,4.291,20.809167,40.881944,0.05993,0.27,13.77,1.147,D,sub_pixel;pre_srtm,2,9.632,2417.0,0.5585,severe
id_020033,Al-Atah,1984,18.0,15.0,100.0,0.21,full,,1.0,2196.0,2209.04,0.02051,0.0001567,2.0614,0.9661,23,0.0,False,0.0,stage_1_fast_path,149.29,9.953,0.06775,0.2885,7.121,20.73175,40.870028,0.1442,0.6867,13.04,0.8694,B,sub_pixel;pre_srtm,2,3.673,2417.0,0.4024,high
id_020034,Al-Marifiq,1983,14.0,12.0,107.0,0.25,full,,1.0,1885.0,1900.0,0.05436,0.1774,1.2967,0.9929,61,0.0,True,0.0,stage_1_fast_path,119.41,9.951,0.08961,0.3365,16.35,20.799722,40.908333,0.2638,1.055,15.0,1.25,A,pre_srtm,1,10.03,2417.0,1.0,fully_silted
id_020035,Al-Ramah,2015,14.0,11.0,102.0,0.3029,full,,1.0,1802.0,1811.0,0.09906,0.003712,1.5893,0.9964,111,0.0,True,0.0,stage_3_quality_recovery,179.25,16.3,0.02631,0.2172,30.49,20.599718,41.090631,0.3233,1.067,9.0,0.8182,A,-,0,2.095,2402.2,0.1784,moderate
id_020036,Al-Shu'irah,1984,15.0,12.0,94.0,0.171,full,,1.0,1915.0,1925.9,0.01339,0.00345,1.7795,0.9711,15,0.0,False,0.0,stage_1_fast_path,149.4,12.45,0.07956,0.4238,4.099,20.525995,41.036911,0.07165,0.419,10.9,0.9083,D,sub_pixel;pre_srtm,2,9.219,2402.2,0.714,severe
id_020037,Yasib,1983,9.0,8.0,86.0,0.2,full,,1.0,1810.0,1818.5,0.06126,0.0006514,1.7739,0.9944,69,0.0,True,0.0,stage_2_upstream_walk,148.98,18.62,0.01285,0.1527,22.21,21.351155,40.330275,0.2044,1.022,8.5,1.062,A,pre_srtm,1,5.917,2445.4,1.0,fully_silted
id_020038,Al-Bajidi,2009,9.0,7.0,680.0,0.4996,full,,1.0,589.0,596.0,0.1241,0.03449,1.3524,0.9978,140,0.0,False,0.0,stage_1_fast_path,476.46,68.07,0.0582,0.225,116.83,21.509517,40.137151,0.2647,0.5298,7.0,1.0,A,-,0,3.714,2515.5,1.0,fully_silted
id_020040,Sa'b,1976,9.0,7.0,290.0,0.5,full,,1.0,1715.5,1723.48,0.1075,0.03975,1.3538,0.9978,121,0.0,False,0.0,stage_3_quality_recovery,268.26,38.32,0.02235,0.1351,232.56,21.238794,40.383617,0.265,0.5299,7.984,1.141,A,pre_srtm,1,3.853,2445.4,1.0,fully_silted
id_020041,Misan,2009,16.0,14.0,121.0,0.0925,full,,1.0,2340.5,2348.91,0.01694,0.03806,1.4711,0.962,19,0.0,False,0.0,stage_2_upstream_walk,238.85,17.06,0.03155,0.4442,4.044,20.754167,40.807778,0.06485,0.701,8.411,0.6008,D,sub_pixel,1,0.08735,,0.004994,low
id_020042,Ikrimah,1955,18.0,12.0,70.0,0.5,full,,1.0,1727.0,1741.0,0.1253,0.03853,1.4068,0.9958,141,0.0,True,0.0,stage_5_relaxed_alignment,1162.41,96.87,0.01655,0.1516,222.19,21.243556,40.358456,0.5568,1.114,14.0,1.167,A,pre_srtm,1,3.829,2445.4,1.0,fully_silted
id_020043,Dharah,2012,24.0,20.0,105.0,0.5099,full,,1.0,1869.5,1886.0,0.08108,0.00389,1.6614,0.9942,91,0.0,True,0.0,stage_3_quality_recovery,149.24,7.462,0.009776,0.4007,86.55,20.8425,40.856667,0.5477,1.074,16.5,0.825,A,-,0,4.877,2417.0,0.8915,severe
id_020044,Al-Ayab,2009,23.0,19.0,107.0,0.5271,full,,1.0,1011.0,1030.5,0.05905,0.0001394,2.008,0.9829,67,0.0,True,0.0,stage_1_fast_path,148.44,7.812,0.02403,0.2263,61.54,22.464327,40.04881,0.5367,1.018,19.5,1.026,B,-,0,1.687,2486.8,0.2576,high
id_020045,Al-Sab'an,2014,21.0,17.5,161.0,0.62,full,,1.0,679.0,692.54,0.07936,1.174e-06,2.3862,0.997,90,0.0,False,-475.11,stage_4_river_retry,207.86,11.88,0.03146,0.2332,163.77,22.382778,39.956944,0.5831,0.9404,13.54,0.7736,A,-,0,2.201,2486.8,0.5367,severe
id_020046,Thumalah,1983,10.0,7.75,111.0,0.608,full,,1.0,1712.0,1715.19,0.03645,7.194e-06,2.1581,0.9949,41,0.0,False,0.0,stage_1_fast_path,149.09,19.24,0.01499,0.1654,26.91,21.119969,40.505053,0.05024,0.08263,3.186,0.4111,C,pre_srtm,1,3.93,2420.7,0.5753,severe
id_020047,Shawan,2010,19.0,16.0,95.0,1.0,full,,1.0,892.5,912.44,0.1013,0.0004915,1.8448,0.9958,115,0.0,False,0.0,stage_1_fast_path,178.11,11.13,0.05072,0.2267,346.44,22.483405,40.01693,0.8697,0.8697,19.94,1.246,A,-,0,0.8555,2486.8,0.3648,high
id_020048,Hajar,2012,11.0,9.0,455.0,0.7625,full,,1.0,642.5,652.0,0.2451,0.009222,1.4735,0.9944,279,0.0,True,0.0,stage_1_fast_path,503.84,55.98,0.01634,0.2334,206.21,22.949638,39.774944,0.8048,1.055,9.5,1.056,A,-,0,3.461,2516.5,1.0,fully_silted
id_020049,Bathan,2008,13.0,10.0,83.0,0.7732,full,,1.0,654.0,666.5,0.172,0.03244,1.4147,0.9884,195,0.0,True,0.0,stage_3_quality_recovery,118.79,11.88,0.1046,0.2674,71.24,22.3575,39.935833,0.812,1.05,12.5,1.25,B,-,0,4.228,2523.7,0.5394,severe
id_020050,Malkan,2007,12.0,9.0,165.0,0.8,full,,1.0,396.0,409.43,0.1653,0.0249,1.4211,0.9996,186,0.0,False,0.0,stage_1_fast_path,268.3,29.81,0.07831,0.1803,120.97,21.149047,40.034856,0.6481,0.8101,13.43,1.493,A,-,0,3.02,2509.9,0.6674,severe
id_020051,Nu'man,2005,18.0,14.0,305.0,1.0,full,,1.0,854.5,865.27,0.06395,0.0009652,1.7701,0.9953,72,0.0,False,0.0,stage_1_fast_path,268.23,19.16,0.01455,0.3638,73.81,21.254992,40.217047,0.32,0.32,10.77,0.7693,B,-,0,3.452,2445.4,0.4116,high
id_020052,Al-Qu'ur,2009,21.0,18.0,130.0,1.0604,full,,1.0,1132.5,1146.5,0.202,0.001289,1.6796,0.9942,229,0.0,True,0.0,stage_1_fast_path,178.21,9.9,0.04023,0.1299,92.59,22.321667,40.062778,1.102,1.039,14.0,0.7778,A,-,0,1.536,2486.8,0.1754,moderate
id_020053,Awathal,1983,11.0,9.0,120.0,0.213,full,,1.0,1707.5,1711.8,0.03558,0.001608,1.6708,0.9865,40,0.0,False,0.0,stage_2_upstream_walk,357.88,39.76,0.01015,0.1835,9.245,21.086467,40.665833,0.06938,0.3257,4.299,0.4776,B,pre_srtm,1,6.431,2420.7,0.9233,severe
id_020054,Basal,1987,15.0,12.0,120.0,1.5,full,,1.0,1516.0,1533.31,0.03912,0.0005287,1.9113,0.9879,44,0.0,False,0.0,stage_2_upstream_walk,149.08,12.42,0.01944,0.1709,130.43,21.168411,40.703213,0.3218,0.2146,17.31,1.443,C,pre_srtm,1,4.859,2481.0,1.0,fully_silted
id_020055,Lasab,1983,13.0,11.0,46.0,0.21,full,,1.0,1673.0,1684.5,0.05155,0.02543,1.4826,0.987,58,0.0,True,0.0,stage_2_upstream_walk,149.07,13.55,0.00971,0.1651,16.34,21.166314,40.486536,0.2327,1.108,11.5,1.045,B,pre_srtm,1,6.555,2420.7,1.0,fully_silted
id_020056,Kara Al-Qawamah,2008,13.0,10.0,150.0,1.5122,full,,1.0,1291.5,1304.97,0.3945,0.001143,1.6318,0.9993,442,0.0,False,0.0,stage_1_fast_path,179.24,17.92,0.007808,0.04908,954.68,20.733056,41.695278,1.561,1.032,13.47,1.347,A,-,0,1.905,2553.8,1.0,fully_silted
id_020057,Faydat Al-Musallah,2003,8.0,5.0,160.0,3.0,full,,1.0,909.5,921.82,0.5837,0.002721,1.5148,0.9928,662,0.0,False,445.4,stage_2_upstream_walk,326.62,65.32,0.00175,0.05341,4155.5,22.478472,40.733306,1.584,0.5279,12.32,2.465,A,-,0,0.4721,2564.7,1.0,fully_silted
id_020058,Wadi Fatimah,1984,18.0,15.0,1428.0,20.0,,,,,,,,,,,,,,,624.88,41.66,0.01482,0.2247,3104.38,21.725044,39.828568,,,,,,,,3.143,2533.3,1.0,fully_silted
id_020059,Am Al-Doum,2012,7.0,5.0,185.0,0.1347,full,,1.0,955.5,961.0,0.08372,0.0008368,1.6869,0.9953,95,0.0,True,0.0,stage_1_fast_path,385.91,77.18,0.006618,0.05954,29.93,22.653246,41.33666,0.1694,1.257,5.5,1.1,A,-,0,0.6986,2574.1,0.1672,moderate
id_020060,Thariban,2014,20.5,17.5,149.0,0.7017,full,,1.0,670.0,685.0,0.1025,2.991e-06,2.2634,0.9884,114,0.0,True,0.0,stage_3_quality_recovery,149.95,8.568,0.05351,0.2366,80.21,19.459628,41.84271,0.7049,1.005,15.0,0.8571,B,-,0,3.203,2412.4,0.338,high
id_020061,Wabah,2013,18.0,14.0,98.0,0.704,full,,1.0,442.0,456.0,0.1694,0.05269,1.3685,0.9982,192,0.0,True,0.0,stage_1_fast_path,118.83,8.488,0.02977,0.2599,531.67,22.238312,39.849221,0.7753,1.101,14.0,1.0,A,-,0,2.774,2531.9,1.0,fully_silted
id_020062,Shawqab,2010,18.0,15.0,94.5,0.3455,full,,1.0,1867.5,1882.0,0.05803,1.291e-05,2.1899,0.9854,65,0.0,True,0.0,stage_1_fast_path,119.52,7.968,0.00903,0.2469,52.53,20.549722,41.117139,0.3602,1.043,14.5,0.9667,B,-,0,3.91,2402.2,0.7317,severe
id_020063,Qarn,1987,23.0,20.0,150.0,0.7098,full,,1.0,1271.5,1287.5,0.117,0.03514,1.4458,0.9918,132,0.0,True,0.0,stage_3_quality_recovery,178.64,8.932,0.02956,0.2818,190.29,21.589811,40.400072,0.7491,1.055,16.0,0.8,A,pre_srtm,1,4.422,2485.0,1.0,fully_silted
id_020064,Al-Janah,2008,18.0,15.0,160.0,0.9052,full,,1.0,611.5,623.78,0.1374,0.003733,1.6049,0.9951,153,0.0,False,0.0,stage_1_fast_path,179.79,11.99,0.02613,0.3101,104.01,19.695113,41.69139,0.6975,0.7706,12.28,0.819,A,-,0,7.171,2418.9,1.0,fully_silted
id_020065,Al-Mahanad,2013,15.0,12.0,296.0,2.2689,full,,1.0,1178.5,1188.5,0.9904,0.02936,1.3269,0.9992,1112,0.0,True,0.0,stage_1_fast_path,298.44,24.87,0.0007551,0.06709,2293.88,21.041851,41.608105,2.703,1.191,10.0,0.8333,A,-,0,0.6057,2566.3,0.6124,severe
id_020066,Hawajiz Al-Dab'ah,2013,4.0,4.0,127.0,0.04,,,,,,,,,,,,,,,59.76,14.94,0.005237,0.2646,61.45,20.530856,41.144189,,,,,,,,0.458,,0.7036,severe
id_020067,Amat,2007,9.0,7.0,90.0,0.5,full,,1.0,1838.5,1845.63,0.09244,0.01249,1.4665,0.9847,104,0.0,False,0.0,stage_2_upstream_walk,178.88,25.55,0.008597,0.2566,21.17,21.157245,40.350458,0.262,0.524,7.129,1.018,B,-,0,3.143,2415.9,0.1945,moderate
id_020068,Al-Makhadah,2006,11.0,9.0,150.0,0.5735,full,,1.0,1836.0,1844.5,0.2026,3.315e-05,1.9369,0.9951,228,0.0,True,0.0,stage_3_quality_recovery,149.06,16.56,0.09082,0.307,63.24,21.166798,40.327055,0.6228,1.086,8.5,0.9444,A,-,0,2.33,2415.9,0.3953,high
id_020069,Al-Dhiyah,2006,11.0,9.0,250.0,0.5776,full,,1.0,1760.0,1769.0,0.191,0.008066,1.4927,0.9948,215,0.0,True,0.0,stage_1_fast_path,238.44,26.49,0.03792,0.1847,65.95,21.241667,40.345833,0.6323,1.095,9.0,1.0,A,-,0,5.05,2445.4,0.8871,severe
id_020070,Al-Laqitah,2012,11.0,8.0,206.0,0.6,full,,1.0,336.0,345.0,0.1871,0.0006359,1.708,0.998,211,0.0,True,0.0,stage_1_fast_path,268.01,33.5,0.04423,0.1982,44.58,21.479624,39.858544,0.6394,1.066,9.0,1.125,A,-,0,3.212,2543.5,0.257,high
id_020071,Kalakh,1983,10.0,7.0,164.0,2.3,full,,1.0,1415.5,1425.12,0.7882,0.0006456,1.6118,0.9942,887,0.0,False,0.0,stage_2_upstream_walk,357.71,51.1,0.0009119,0.04569,570.31,21.262717,40.782789,2.224,0.9671,9.621,1.374,A,pre_srtm,1,3.722,2524.6,1.0,fully_silted
id_020072,Liyah,1981,22.0,18.0,120.0,10.0,full,,1.0,1638.5,1670.79,0.6202,0.3524,1.1754,0.9914,698,0.0,False,-149.04,stage_4_river_retry,357.71,19.87,0.005479,0.1715,182.46,21.217906,40.455117,2.49,0.249,32.29,1.794,C,pre_srtm,1,3.09,2420.7,0.1952,moderate
id_020073,Sisad,1998,8.5,7.0,58.0,0.5,full,,1.0,1591.0,1599.4,0.1137,0.02872,1.3971,0.9918,128,0.0,False,0.0,stage_5_relaxed_alignment,119.21,17.03,0.01335,0.1066,6.342,21.293586,40.494242,0.3504,0.7008,8.4,1.2,A,pre_srtm,1,4.469,2465.9,0.1221,moderate
id_020074,Aqawam Rabigh,1999,2.0,1.5,2000.0,0.5,full,,1.0,-2.5,3.0,0.4035,0.04327,1.2606,0.9991,459,0.0,True,0.0,stage_3_quality_recovery,148.25,98.83,0.002414,0.03735,5069.64,22.808722,39.023682,0.5004,1.001,5.5,3.667,D,height_noise;pre_srtm,2,1.575,2536.6,1.0,fully_silted
id_020075,Al-Ghalah,2018,14.0,12.0,414.0,4.4,full,,1.0,67.0,83.0,0.975,0.008823,1.4596,0.9997,1092,0.0,True,0.0,stage_3_quality_recovery,448.22,37.35,0.005432,0.159,397.89,20.394117,40.254865,4.828,1.097,16.0,1.333,A,-,0,10.97,,0.6105,severe
id_020076,Al-Shaqqah,2018,24.0,22.0,271.0,5.66,full,,1.0,171.0,196.5,0.8785,0.09558,1.3143,0.9992,982,0.0,True,0.0,stage_3_quality_recovery,269.18,12.24,0.09289,0.4164,1487.04,20.160673,40.838555,6.07,1.072,25.5,1.159,A,-,0,2.733,2510.6,0.4419,high
id_020077,Buwah,2022,28.5,21.375,206.0,6.0528,full,,1.0,1551.0,1574.39,0.4957,0.01358,1.4881,0.9965,556,0.0,False,0.0,stage_1_fast_path,298.6,13.97,0.0117,0.2084,443.78,20.748531,41.028536,4.159,0.6872,23.39,1.094,A,-,0,5.011,2458.5,0.113,moderate
id_030000,Al-Nahitah,2014,6.0,4.0,230.0,0.0775,full,,1.0,997.0,1003.5,0.08304,0.1663,1.1783,0.9969,96,0.0,True,0.0,stage_2_upstream_walk,411.74,102.94,0.002207,0.08424,392.0,25.212219,40.381161,0.106,1.367,6.5,1.625,A,height_noise,1,4.848,,1.0,fully_silted
id_030001,Abu Hanak,1983,8.0,3.5,45.0,0.08,full,,1.0,979.0,982.4,0.07097,0.03957,1.2997,0.9921,82,0.0,False,0.0,stage_5_relaxed_alignment,382.44,109.27,1.506e-05,0.03374,281.94,25.132892,40.372488,0.08243,1.03,3.402,0.9719,A,height_noise;pre_srtm,2,3.702,,1.0,fully_silted
id_030002,Al-Wajab,2014,7.0,4.5,101.0,0.1408,full,,1.0,973.5,977.5,0.1412,0.1691,1.1622,0.999,163,0.0,True,0.0,stage_5_relaxed_alignment,1471.53,327.01,0.008501,0.05005,289.16,24.993219,40.040076,0.1641,1.166,4.0,0.8889,A,height_noise,1,0.1743,2517.4,0.3304,high
id_030003,Abu Ghasha,1984,8.0,3.7,105.0,0.16,full,,1.0,947.5,956.5,0.1246,1.89,0.9907,0.9968,144,0.0,True,0.0,stage_2_upstream_walk,176.5,47.7,0.00182,0.03858,1598.18,25.156667,40.468056,0.2129,1.331,9.0,2.432,A,height_noise;pre_srtm,2,0.6859,2517.2,1.0,fully_silted
id_030004,Al-Jarisiyah,2008,6.0,4.0,307.0,0.2144,full,,1.0,1007.0,1013.0,0.155,0.1578,1.185,0.9972,177,0.0,True,0.0,stage_1_fast_path,414.25,103.56,0.02364,0.1311,16.67,23.536111,40.815278,0.2276,1.062,6.0,1.5,A,height_noise,1,1.802,2560.2,0.194,moderate
id_030005,Shalal,2008,8.0,5.5,162.0,0.318,full,,1.0,841.0,853.0,0.1795,0.03882,1.3294,0.9894,210,0.0,True,0.0,stage_1_fast_path,116.94,21.26,0.09456,0.2931,71.89,26.798218,37.858103,0.3961,1.246,12.0,2.182,B,-,0,3.034,2458.9,0.9497,severe
id_030006,Qaran,1976,5.0,3.0,500.0,0.5,full,,1.0,915.0,921.5,0.242,0.0001412,1.7832,0.997,276,0.0,True,88.83,stage_4_river_retry,355.32,118.44,0.008601,0.04455,209.27,23.273889,40.331111,0.5822,1.164,6.5,2.167,A,height_noise;pre_srtm,2,1.181,2518.1,1.0,fully_silted
id_030007,Al-Salahaniyah,2002,13.0,10.5,100.0,0.5,full,,1.0,960.5,968.0,0.2647,0.08991,1.2625,0.9965,301,0.0,True,0.0,stage_5_relaxed_alignment,652.35,62.13,0.01358,0.0449,298.23,22.863333,40.4595,0.6161,1.232,7.5,0.7143,A,-,0,0.8361,2535.0,0.9207,severe
id_030008,Amirah,2009,7.0,4.0,342.0,0.3212,full,,1.0,302.0,311.5,0.1302,0.008958,1.4863,0.9975,151,0.0,True,0.0,stage_2_upstream_walk,146.83,36.71,0.005782,0.312,210.01,25.581667,38.105278,0.3654,1.138,9.5,2.375,A,height_noise,1,3.329,2532.4,1.0,fully_silted
id_030009,Nakhala,2009,8.0,6.0,405.0,0.4289,full,,1.0,791.0,808.27,0.08304,0.08802,1.3631,0.9963,97,0.0,False,0.0,stage_2_upstream_walk,497.42,82.9,0.002,0.2448,723.08,26.5446,38.332623,0.4619,1.077,17.27,2.878,A,-,0,0.9273,2504.2,1.0,fully_silted
id_030010,Al-Shara'ih,1980,8.0,5.7,500.0,0.88,full,,1.0,620.5,630.0,0.3626,0.01057,1.435,0.9983,417,0.0,True,0.0,stage_1_fast_path,973.14,170.73,0.008813,0.05075,113.64,24.410578,39.63993,0.992,1.127,9.5,1.667,A,pre_srtm,1,1.275,2564.5,0.5826,severe
id_030011,Al-Farah,2009,13.0,10.0,274.0,1.0,full,,1.0,591.5,602.5,0.3776,0.01402,1.421,0.999,431,0.0,True,0.0,stage_1_fast_path,266.38,26.64,0.04242,0.2842,698.82,23.343056,39.662778,1.174,1.174,11.0,1.1,A,-,0,1.194,2540.7,1.0,fully_silted
id_030012,Al-Ghab,1978,11.0,8.9,650.0,1.0,full,,1.0,545.0,556.46,0.1658,0.02919,1.4047,0.9984,191,0.0,False,0.0,stage_5_relaxed_alignment,500.91,56.28,0.02545,0.2346,43773.65,24.635342,39.516197,0.6366,0.6366,11.46,1.288,A,pre_srtm,1,0.7129,2550.0,1.0,fully_silted
id_030013,Al-Is,1981,15.0,12.0,600.0,1.0,partial,643.95,0.0,622.5,637.0,0.5039,,,,582,0.0,True,0.0,stage_3_quality_recovery,441.36,36.78,0.04123,0.1669,871.29,25.047778,38.098333,1.082,1.082,14.5,1.208,F,pre_srtm,1,4.284,2512.2,1.0,fully_silted
id_030014,Talal,2013,7.5,4.5,480.0,1.2044,full,,1.0,891.0,899.0,0.5629,0.06914,1.2599,0.9993,647,0.0,True,0.0,stage_5_relaxed_alignment,265.46,58.99,0.00488,0.07619,1558.74,24.645833,41.961389,1.209,1.004,8.0,1.778,A,height_noise,1,0.4228,2541.0,0.5472,severe
id_030015,Tasha,2011,8.0,4.5,460.0,2.0,full,,1.0,267.5,279.02,0.564,0.0007475,1.637,0.9881,647,0.0,False,0.0,stage_1_fast_path,472.42,104.98,0.02909,0.2031,369.17,24.038056,38.898056,2.184,1.092,11.52,2.561,B,height_noise,1,3.842,2551.6,0.8183,severe
id_030016,Al-Aqiq Al-A'lah,2010,19.0,16.0,268.0,2.0,full,,1.0,824.5,840.0,0.3691,0.0006379,1.7066,0.9973,423,0.0,True,0.0,stage_1_fast_path,236.32,14.77,0.008166,0.09801,2299.43,23.924722,39.697222,2.11,1.055,15.5,0.9688,A,-,0,1.733,2527.5,1.0,fully_silted
id_030017,Bidan,1998,9.0,7.0,750.0,2.2,full,,1.0,931.0,942.5,1.137,0.05181,1.265,0.9986,1295,0.0,True,0.0,stage_2_upstream_walk,1007.25,143.89,0.005542,0.06191,940.72,23.139667,40.486167,2.432,1.106,11.5,1.643,A,pre_srtm,1,0.7315,2538.7,0.6737,severe
id_030018,Malal,2002,9.0,6.0,475.0,3.0,full,,1.0,680.5,690.46,0.6245,0.001814,1.5559,0.9986,718,0.0,False,0.0,stage_3_quality_recovery,412.89,68.81,0.005933,0.163,734.33,24.370222,39.289222,1.939,0.6465,9.964,1.661,A,-,0,3.615,2550.2,1.0,fully_silted
id_030019,Al-Murabah,2008,8.0,5.0,312.0,1.3181,full,,1.0,412.0,420.5,0.5572,0.005325,1.4611,0.9992,645,0.0,True,0.0,stage_2_upstream_walk,235.14,47.03,0.02598,0.2355,2311.92,25.322222,38.350278,1.345,1.021,8.5,1.7,A,-,0,3.458,2547.8,1.0,fully_silted
id_030020,Rim,2009,10.0,7.0,1146.0,2.9185,full,,1.0,734.0,746.5,0.9301,0.0001141,1.7482,0.9957,1067,0.0,True,0.0,stage_3_quality_recovery,1151.47,164.5,0.006418,0.1386,772.61,24.062398,39.571199,3.255,1.115,12.5,1.786,A,-,0,4.824,2545.0,1.0,fully_silted
id_030021,Wasat Al-Jazl,2013,16.0,10.0,506.0,10.0,full,,1.0,672.5,695.96,1.473,0.004319,1.4857,0.9992,1720,0.0,False,0.0,stage_1_fast_path,556.0,55.6,0.02057,0.3143,5711.0,26.558889,37.618056,6.503,0.6503,23.46,2.346,A,-,0,1.276,2431.6,0.7287,severe
id_030022,Al-Aqul,1978,11.0,7.0,450.0,1.0,full,,1.0,616.0,628.39,0.1173,0.06477,1.3493,0.9975,135,0.0,False,0.0,stage_2_upstream_walk,412.69,58.96,0.008948,0.05402,36261.05,24.522222,39.728056,0.4634,0.4634,12.39,1.77,B,pre_srtm,1,0.4898,2554.5,1.0,fully_silted
id_030023,Am Talhah,2018,9.0,6.0,373.0,0.7071,full,,1.0,923.5,932.47,0.2146,0.007335,1.4798,0.9945,250,0.0,False,0.0,stage_1_fast_path,322.31,53.72,0.004695,0.2382,267.78,26.154342,38.849117,0.601,0.8499,8.973,1.495,A,-,0,0.7963,2488.4,0.1856,moderate
id_030024,Al-Hanaw,2016,12.5,9.5,93.0,0.1414,full,,1.0,197.0,203.5,0.0585,0.000287,1.8281,0.9957,67,0.0,True,0.0,stage_2_upstream_walk,118.2,12.44,0.05326,0.2904,4.573,23.816389,38.8025,0.1554,1.099,6.5,0.6842,A,-,0,9.243,2565.4,0.2299,moderate
id_030025,Ashar,2014,8.0,5.5,335.0,0.2844,full,,1.0,783.0,796.52,0.02223,0.04692,1.4754,0.9816,26,0.0,False,0.0,stage_2_upstream_walk,233.94,42.53,0.01517,0.3112,29.71,26.723064,37.868702,0.134,0.4714,13.52,2.457,B,sub_pixel,1,3.142,2458.9,0.303,high
id_030026,Khalis,2011,12.0,8.0,279.0,0.3487,full,,1.0,701.5,708.98,0.01369,0.001785,1.7943,0.9591,16,0.0,False,0.0,stage_1_fast_path,263.29,32.91,0.06683,0.2292,2473.97,26.614391,37.914449,0.04878,0.1399,7.482,0.9352,D,sub_pixel,1,1.085,2458.9,1.0,fully_silted
id_030027,Al-Sadr,2011,11.0,8.0,282.0,0.3736,full,,1.0,724.0,727.73,0.0291,0.0002304,1.8764,0.9875,34,0.0,False,0.0,stage_1_fast_path,263.31,32.91,0.0692,0.367,70.04,26.593413,37.901969,0.05649,0.1512,3.733,0.4667,C,-,0,1.763,2458.9,0.3814,high
id_030028,Ajathaliyah,2013,6.0,4.5,285.0,0.4408,full,,1.0,1003.5,1011.0,0.2501,1.257,1.03,0.9928,289,0.0,True,0.0,stage_2_upstream_walk,500.05,111.12,0.003339,0.03906,256.73,25.164167,40.329722,0.4426,1.004,7.5,1.667,A,height_noise,1,0.8188,2493.1,0.4769,high
id_030029,Dhalamah,2010,8.5,6.0,297.0,1.0,full,,1.0,1043.0,1051.5,0.3635,0.009132,1.4476,0.9981,416,0.0,True,0.0,stage_3_quality_recovery,325.18,54.2,0.03025,0.3707,105.31,23.698611,39.567778,1.053,1.053,8.5,1.417,A,-,0,8.55,2519.3,1.0,fully_silted
id_030030,Bathan,1966,12.0,9.0,266.0,0.5,full,,1.0,620.0,628.5,0.18,0.01508,1.4384,0.9964,207,0.0,True,0.0,stage_5_relaxed_alignment,707.74,78.64,0.001505,0.05029,113.64,24.411592,39.636588,0.5389,1.078,8.5,0.9444,A,pre_srtm,1,1.275,2564.5,1.0,fully_silted
id_030031,Al-Muqarran,2014,10.0,7.0,144.0,0.8543,full,,1.0,878.5,886.63,0.05025,1.44e-05,2.1339,0.981,58,0.0,False,0.0,stage_1_fast_path,88.31,12.62,0.02529,0.1631,2263.35,24.99,40.545556,0.1713,0.2006,8.132,1.162,C,narrow_valley,1,0.4692,2541.1,1.0,fully_silted
id_030032,Qasibah,1982,5.0,3.0,680.0,0.3,full,,1.0,893.0,900.0,0.1395,0.02345,1.3915,0.9984,161,0.0,True,0.0,stage_1_fast_path,264.9,88.3,0.004287,0.1087,603.66,25.010321,40.507014,0.3444,1.148,7.0,2.333,A,height_noise;pre_srtm,2,0.8934,2541.1,1.0,fully_silted
id_030033,Ahamir,2014,12.0,9.0,438.0,0.8487,full,,1.0,990.5,1000.5,0.4125,0.0183,1.3654,0.9995,477,0.0,True,0.0,stage_5_relaxed_alignment,1293.89,143.77,0.008964,0.08149,1057.83,25.250678,40.421228,0.8589,1.012,10.0,1.111,A,-,0,0.7507,2493.1,0.8637,severe
id_030034,Al-Tar'ah,1978,12.0,10.0,450.0,2.0,full,,1.0,351.5,371.5,0.5066,0.07613,1.3062,0.9983,581,0.0,True,0.0,stage_2_upstream_walk,442.93,44.29,0.01604,0.254,1328.68,24.015,39.049722,2.226,1.113,20.0,2.0,A,pre_srtm,1,4.047,2541.1,1.0,fully_silted
id_030035,Al-Far'ah,1983,18.5,13.5,600.0,20.0,full,,1.0,180.5,203.5,5.364,0.178,1.1963,0.998,6172,0.0,True,0.0,stage_1_fast_path,442.22,32.76,0.01108,0.1387,4399.44,24.480833,38.493333,21.01,1.051,23.0,1.704,A,pre_srtm,1,3.91,2572.6,1.0,fully_silted
id_030036,Hadhawadha,1999,7.0,4.5,595.0,40.0,,,,,,,,,,,,,,,176.94,39.32,0.002641,0.1053,35545.97,24.420556,39.980556,,,,,,,,0.4726,2554.4,0.8723,severe
id_030037,Qusayba' Al-Tad'imi,2015,6.5,4.0,192.0,0.2241,full,,1.0,914.5,919.2,0.07275,0.01465,1.4326,0.9811,84,0.0,False,0.0,stage_1_fast_path,147.14,36.79,0.001183,0.07366,578.54,25.049046,40.473171,0.1483,0.6617,4.697,1.174,B,height_noise,1,0.3235,2517.2,0.7067,severe
id_030038,Al-Hasid,,8.0,4.5,91.0,0.4,full,,1.0,773.0,777.89,0.04054,0.001016,1.7253,0.9909,47,0.0,False,0.0,stage_2_upstream_walk,146.84,32.63,0.004219,0.04878,227.84,25.551061,39.385829,0.09465,0.2366,4.886,1.086,C,height_noise;unknown_year,2,0.4657,2527.1,,unknown
id_030039,Al-Aqul Al-Hajari,1950,4.5,3.0,200.0,17.0,,,,,,,,,,,,,,,265.48,88.49,0.03086,0.1389,16.7,24.31816,39.448696,,,,,,,,23.84,2564.5,0.1369,moderate
id_040000,Aba Al-Hiyas,2017,9.5,6.0,157.0,0.0795,full,,1.0,825.5,833.69,0.02073,6.95e-07,2.5658,0.9825,24,0.0,False,0.0,stage_2_upstream_walk,146.94,24.49,0.1358,0.2458,4.195,25.522692,42.815416,0.08723,1.098,8.189,1.365,B,sub_pixel,1,0.2028,,0.007409,low
id_040001,Al-Rubiqah,2011,4.5,2.0,688.0,0.1122,full,,1.0,789.5,794.5,0.101,0.2633,1.1435,0.9974,117,0.0,True,0.0,stage_1_fast_path,734.58,367.29,0.004964,0.0343,18.86,25.445556,43.831944,0.1392,1.241,5.0,2.5,D,height_noise,1,0.7873,2505.6,0.1527,moderate
id_040002,Al-Matla' Al-Aysar,2009,6.0,3.0,315.0,0.1227,full,,1.0,811.0,814.04,0.01895,0.1045,1.2557,0.9349,22,0.0,False,0.0,stage_1_fast_path,234.82,78.27,0.07724,0.2529,20.22,25.821111,43.017222,0.02822,0.23,3.038,1.013,C,sub_pixel;height_noise,2,1.776,2498.1,0.3827,high
id_040003,Aba Al-Hadar,2012,7.0,5.0,196.0,0.141,full,,1.0,793.5,802.94,0.02331,8.388e-05,2.0659,0.9595,27,0.0,False,0.0,stage_1_fast_path,176.31,35.26,0.053,0.2421,324.11,25.549356,42.750702,0.09801,0.6949,9.443,1.889,B,sub_pixel,1,0.651,2507.7,1.0,fully_silted
id_040004,Aba Al-Rimah,2015,5.5,3.0,134.0,0.1018,full,,1.0,821.0,824.14,0.01123,0.001141,1.7851,0.983,13,0.0,False,0.0,stage_1_fast_path,117.56,39.19,0.1294,0.2616,6.888,25.49313,42.8098,0.02052,0.2015,3.137,1.046,D,sub_pixel;height_noise,2,3.689,2516.2,0.2112,moderate
id_040005,Al-Matla' Al-Ayman,1982,8.0,5.0,250.0,0.25,full,,1.0,809.5,814.57,0.1154,0.000223,1.7774,0.9851,134,0.0,False,0.0,stage_1_fast_path,264.14,52.83,0.03339,0.2279,18.68,25.848603,43.015276,0.2433,0.9733,5.075,1.015,B,pre_srtm,1,9.579,2498.1,1.0,fully_silted
id_040006,Qatan,2007,5.0,3.75,388.0,0.2803,full,,1.0,863.0,870.0,0.1921,0.2005,1.1702,0.9966,223,0.0,True,0.0,stage_3_quality_recovery,234.79,62.61,0.01501,0.1112,44.66,25.955008,42.338155,0.3125,1.115,7.0,1.867,A,height_noise,1,3.852,2510.5,0.897,severe
id_040008,Wadi Al-Nakhil,2011,5.0,2.0,363.0,0.1075,full,,1.0,809.5,813.0,0.1193,9.969e-05,1.8065,0.9918,138,0.0,True,0.0,stage_1_fast_path,352.77,176.38,0.006706,0.1485,60.88,25.428092,42.839694,0.1534,1.427,3.5,1.75,D,height_noise,1,0.6215,2516.2,0.4061,high
id_040009,Abu Jurayfah,2012,5.5,2.0,680.0,0.5385,full,,1.0,835.5,843.0,0.3816,0.07432,1.2498,0.9991,444,0.0,True,0.0,stage_3_quality_recovery,293.15,146.58,0.00425,0.04535,252.15,26.194917,42.728295,0.712,1.322,7.5,3.75,D,height_noise,1,1.371,2475.1,0.6913,severe
id_040010,Al-Rubiq,2004,4.0,3.0,810.0,0.5,full,,1.0,791.0,798.5,0.3627,0.0369,1.2995,0.9915,420,0.0,True,0.0,stage_1_fast_path,646.49,215.5,0.00264,0.03588,64.51,25.420556,43.847778,0.6541,1.308,7.5,2.5,A,height_noise,1,0.6808,2505.6,0.1486,moderate
id_040011,Nasifat Aban Al-Ahmar,2008,6.0,4.0,140.0,0.548,full,,1.0,826.0,838.85,0.121,5.447e-05,1.9705,0.9939,140,0.0,False,0.0,stage_2_upstream_walk,117.59,29.4,0.05826,0.2178,128.3,25.4379,42.713556,0.5933,1.083,12.85,3.213,D,height_noise,1,1.305,2521.7,0.423,high
id_040012,Dar'ah,2009,5.0,2.0,618.0,0.06,full,,1.0,847.5,852.0,0.05358,0.0002271,1.8101,0.9912,62,0.0,True,0.0,stage_1_fast_path,323.37,161.68,0.01312,0.07087,143.36,25.336667,43.601667,0.08361,1.394,4.5,2.25,D,height_noise,1,1.883,,1.0,fully_silted
id_040013,Uqlat Al-Suqur,2007,4.5,3.375,1301.0,0.712,full,,1.0,786.0,790.0,1.262,0.01538,1.2947,0.9999,1463,0.0,True,0.0,stage_1_fast_path,763.5,226.22,0.001972,0.02694,29644.49,25.848561,42.106525,1.216,1.708,4.0,1.185,A,height_noise,1,0.2628,2506.1,1.0,fully_silted
id_040014,Al-Fawarah,2007,5.0,3.75,650.0,1.093,full,,1.0,898.5,907.5,0.7124,0.0523,1.2571,0.9979,829,0.0,True,0.0,stage_1_fast_path,791.5,211.07,0.002515,0.0393,277.12,26.241667,42.470833,1.228,1.124,9.0,2.4,A,height_noise,1,0.8351,2486.7,0.3095,high
id_040015,Al-Rummah,1977,7.0,4.0,700.0,1.5,partial,617.06,0.06792,611.0,617.5,0.9589,,,,1117,0.0,True,0.0,stage_1_fast_path,439.5,109.87,0.0006475,0.04592,84011.6,26.199722,44.021667,1.607,1.072,6.5,1.625,F,height_noise;pre_srtm,2,0.4145,2481.0,1.0,fully_silted
id_040016,Marid,1976,7.0,4.0,500.0,1.3,full,,1.0,534.0,541.5,1.269,0.1732,1.1501,0.9999,1485,0.0,True,0.0,stage_2_upstream_walk,409.22,102.31,0.0009766,0.03579,96141.11,26.815422,44.209038,1.821,1.401,7.5,1.875,A,height_noise;pre_srtm,2,0.4046,2444.3,1.0,fully_silted
id_040017,Bada'ih Al-Hamamin,2014,4.5,3.0,620.0,0.3186,full,,1.0,827.0,837.5,0.2057,0.543,1.1023,0.9983,237,0.0,True,0.0,stage_1_fast_path,353.53,117.84,0.0019,0.04942,235.32,24.968959,42.064096,0.3934,1.235,10.5,3.5,D,height_noise,1,0.2759,2540.2,0.1881,moderate
id_050000,Al-Dhibiyah,2018,6.0,4.0,1390.0,5.718,full,,1.0,346.5,359.0,2.791,0.009472,1.366,0.9979,3300,0.0,True,0.0,stage_1_fast_path,901.58,225.4,0.00131,0.04112,3880.98,28.094558,45.650503,6.235,1.09,12.5,3.125,D,height_noise,1,0.3431,2393.7,0.1433,moderate
id_050001,Hafar Al-Batin,2013,11.5,8.5,330.0,5.5039,full,,1.0,362.5,378.0,1.288,0.0008464,1.606,0.9985,1522,0.0,True,0.0,stage_1_fast_path,378.2,44.49,0.002532,0.04553,3671.99,28.012222,45.507222,5.641,1.025,15.5,1.824,A,-,0,0.344,2404.2,0.2295,moderate
id_060000,Al-Marah,2008,5.5,3.0,311.0,0.7441,full,,1.0,742.5,746.63,0.2414,2.372e-05,1.8969,0.9755,294,0.0,False,0.0,stage_2_upstream_walk,143.27,47.76,0.002821,0.02873,6309.69,31.6375,40.146944,0.4288,0.5763,4.132,1.377,B,height_noise,1,0.1536,2246.1,1.0,fully_silted
id_060001,Al-Hilali,2008,5.5,3.0,414.0,0.9912,full,,1.0,505.0,510.13,0.09931,0.1094,1.2321,0.984,120,0.0,False,0.0,stage_1_fast_path,115.07,38.36,0.001698,0.03163,575.7,30.83059,41.24486,0.1711,0.1726,5.129,1.71,C,height_noise,1,0.4409,2324.9,0.3546,high
id_060002,Al-Lawiziyah,2008,7.0,5.0,530.0,0.6232,full,,1.0,516.5,525.5,0.3278,0.0707,1.2739,0.9993,397,0.0,True,0.0,stage_2_upstream_walk,431.0,86.2,0.01986,0.08324,82.46,31.085904,41.021949,0.7501,1.203,9.0,1.8,A,-,0,0.615,2309.0,0.1127,moderate
id_060003,Uwayj Al-Tal'ah,2013,4.0,2.0,365.0,0.2517,full,,1.0,401.5,408.37,0.0576,0.00389,1.5875,0.9979,69,0.0,False,0.0,stage_1_fast_path,86.68,43.34,0.00491,0.03038,2139.0,29.789167,43.058611,0.1419,0.5639,6.873,3.437,D,narrow_valley;height_noise,2,0.2342,2356.9,1.0,fully_silted
id_060004,Turif,2008,8.0,5.0,255.0,0.7256,full,,1.0,769.5,777.5,0.3662,0.03787,1.3127,0.9992,446,0.0,True,0.0,stage_1_fast_path,372.51,74.5,0.007498,0.05086,551.02,31.611389,38.521111,0.7741,1.067,8.0,1.6,A,-,0,0.2151,2238.5,0.2262,moderate
id_060005,Al-Awashaqi,2008,6.0,4.0,595.0,0.7132,full,,1.0,574.5,585.03,0.234,0.06957,1.3103,0.9948,283,0.0,False,0.0,stage_1_fast_path,345.05,86.26,0.005595,0.07313,119.65,30.900428,40.854141,0.8117,1.138,10.53,2.633,A,height_noise,1,0.5009,2303.6,0.1164,moderate
id_060006,Gharabah,2014,6.5,4.0,1094.5,4.1248,full,,1.0,575.5,585.91,1.326,0.00154,1.5346,0.9948,1604,0.0,False,0.0,stage_3_quality_recovery,230.06,57.51,0.001221,0.06383,394.27,30.877363,40.835401,4.062,0.9847,10.41,2.603,A,height_noise,1,3.102,2303.6,0.2737,high
id_060007,Aba Al-Qur,2008,8.0,5.0,736.0,3.52,full,,1.0,464.5,471.47,1.027,0.01667,1.3339,0.9969,1240,0.0,False,0.0,stage_3_quality_recovery,345.35,69.07,0.0045,0.03834,3213.78,30.769641,41.47753,1.801,0.5117,6.974,1.395,A,-,0,0.3048,2325.8,0.3853,high
id_060008,Badanah,2008,9.0,6.0,783.0,4.6787,full,,1.0,581.5,587.32,0.9299,0.0004008,1.6189,0.9933,1126,0.0,False,0.0,stage_1_fast_path,660.98,110.16,0.0009473,0.05022,875.41,31.03,40.850833,1.959,0.4187,5.821,0.9702,B,-,0,2.233,2303.6,0.5785,severe
id_060009,Ar'ar,2006,9.0,7.0,1828.0,10.366,full,,1.0,607.5,620.5,4.747,0.01766,1.325,0.9997,5738,0.0,True,0.0,stage_1_fast_path,1697.06,242.44,0.006614,0.04456,5182.81,30.811944,40.696389,12.53,1.209,13.0,1.857,A,-,0,0.2719,2315.7,0.2091,moderate
id_060010,Fihan,2013,3.5,1.0,296.0,38.1,,,,,,,,,,,,,,,260.26,260.26,0.001293,0.03123,25261.2,29.551756,43.398465,,,,,,,,0.299,2363.9,0.1982,moderate
id_070000,Ayash,2004,17.0,14.0,130.0,1.0,full,,1.0,2029.5,2042.06,0.1485,0.01066,1.5207,0.9937,165,0.0,False,0.0,stage_1_fast_path,149.98,10.71,0.01925,0.2879,48.05,19.412083,42.055667,0.8264,0.8264,12.56,0.8971,A,-,0,2.932,2396.4,0.2384,moderate
id_070001,Ara'ir,1984,28.0,22.0,145.0,0.963,full,,1.0,2268.0,2284.79,0.0662,0.02507,1.5004,0.9968,73,0.0,False,0.0,stage_1_fast_path,271.02,12.32,0.06532,0.2483,10.31,17.656353,43.462664,0.4276,0.444,16.79,0.7631,B,pre_srtm,1,8.121,2343.7,0.2809,high
id_070002,Al-Gharabah,2004,25.0,21.0,120.0,1.5,full,,1.0,2115.0,2146.0,0.1489,0.0001509,1.937,0.9958,165,0.0,True,0.0,stage_3_quality_recovery,150.21,7.153,0.05672,0.4155,88.29,18.790556,42.305556,1.549,1.032,31.0,1.476,A,-,0,2.535,2369.8,0.2525,high
id_070003,Badwah,2007,28.0,24.0,111.0,2.0,full,,1.0,2192.0,2223.0,0.1991,0.4349,1.2612,0.9975,221,0.0,True,0.0,stage_3_quality_recovery,180.08,7.504,0.00869,0.2274,71.79,19.168061,42.164667,2.055,1.027,31.0,1.292,A,-,0,1.916,2393.8,0.1005,moderate
id_070004,Abha,1974,25.5,22.5,350.0,2.13,full,,1.0,2259.5,2277.5,0.2634,0.003025,1.632,0.9968,291,0.0,True,150.43,stage_2_upstream_walk,1263.61,56.16,0.02736,0.2228,56.42,18.21175,42.48823,2.185,1.026,18.0,0.8,A,pre_srtm,1,4.878,2367.1,0.5168,severe
id_070005,Al-Fawhah,2009,24.0,20.0,100.0,3.0,full,,1.0,1748.0,1769.5,0.4463,0.0122,1.4873,0.999,497,0.0,True,0.0,stage_2_upstream_walk,209.77,10.49,0.01128,0.18,276.67,19.748056,41.983333,3.187,1.062,21.5,1.075,A,-,0,2.647,2482.8,0.3192,high
id_070006,Tandahah,1983,16.0,10.0,120.0,4.2,partial,2044.01,0.9989,2044.0,2050.62,0.6655,4.565e-08,2.3737,0.9901,736,0.0,False,0.0,stage_5_relaxed_alignment,240.56,24.06,0.002876,0.1066,376.01,18.312683,42.876847,3.088,0.7352,6.622,0.6622,A,pre_srtm,1,3.307,2435.1,0.9793,severe
id_070007,Atud Al-Khamis,1981,22.0,16.0,340.0,6.24,partial,2018.01,0.5589,2012.5,2025.0,1.313,5.196e-09,2.4735,0.9536,1451,0.0,True,0.0,stage_2_upstream_walk,1082.79,67.67,0.014,0.08964,394.13,18.260411,42.715894,6.549,1.05,12.5,0.7812,B,pre_srtm,1,1.845,2367.1,0.4034,high
id_070008,Tarjis,2012,25.0,20.0,184.0,9.7138,full,,1.0,1913.0,1934.0,1.79,0.1072,1.2789,0.9993,1987,0.0,True,0.0,stage_3_quality_recovery,270.15,13.51,0.01533,0.2289,726.47,19.104167,42.295,10.46,1.077,21.0,1.05,A,-,0,3.437,2404.2,0.2768,high
id_070009,Marbah,2008,32.0,26.0,215.0,10.0,full,,1.0,350.0,380.5,0.798,0.0008119,1.7114,0.9996,880,0.0,True,0.0,stage_5_relaxed_alignment,421.58,16.21,0.07898,0.2774,536.0,17.903333,42.384722,10.12,1.012,30.5,1.173,A,-,0,1.851,2402.4,0.1374,moderate
id_070010,Atud,2008,35.0,29.0,227.0,10.0,full,,1.0,443.5,472.48,0.5685,7.018e-05,1.9115,0.9993,627,0.0,False,0.0,stage_1_fast_path,391.45,13.5,0.03879,0.3082,513.86,17.900556,42.471111,7.141,0.7141,28.98,0.9995,A,-,0,3.383,2402.4,0.2407,moderate
id_070012,Tabalah,2014,49.25,34.25,420.0,68.41,full,,1.0,1338.0,1377.5,5.027,0.00105,1.6146,0.9998,5606,0.0,True,0.0,stage_3_quality_recovery,359.36,10.49,0.008794,0.2094,858.03,19.954897,42.145446,69.33,1.013,39.5,1.153,A,-,0,5.963,2482.8,0.06904,low
id_070013,Shihanah,2010,15.0,12.0,79.0,0.2711,full,,1.0,2024.5,2034.5,0.08808,0.01426,1.4765,0.9968,98,0.0,True,0.0,stage_2_upstream_walk,179.88,14.99,0.0002829,0.1904,22.52,19.588889,41.9275,0.2829,1.044,10.0,0.8333,A,-,0,1.657,2389.9,0.1694,moderate
id_070014,King Fahad,1997,68.0,60.5,507.0,325.0,partial,1261.02,0.9193,1256.5,1312.5,14.39,0.001828,1.5722,0.9994,16027,0.0,True,0.0,stage_1_fast_path,539.31,8.914,0.01007,0.2466,7268.05,19.6964,42.487117,330.08,1.016,56.0,0.9256,A,pre_srtm,1,4.254,2569.0,0.2122,moderate
id_070016,Yabah,2021,47.0,35.25,234.0,80.9133,full,,1.0,157.0,192.5,7.691,0.009075,1.4459,0.9997,8533,0.0,True,0.0,stage_2_upstream_walk,270.2,7.665,0.002933,0.2162,2341.93,19.014722,41.643889,83.36,1.03,35.5,1.007,A,-,0,6.62,2456.3,0.0737,low
id_070017,Shi'b Al-Harajah,2015,11.0,9.0,62.0,0.1031,full,,1.0,2214.0,2219.0,0.04889,5.192e-06,2.2062,0.9933,54,0.0,True,0.0,stage_2_upstream_walk,120.36,13.37,0.01018,0.1303,163.05,17.973105,43.393198,0.1132,1.098,5.0,0.5556,A,-,0,0.05521,2437.1,0.07388,low
id_070018,Al-Qurihah,2009,7.5,4.5,186.5,0.0261,full,,1.0,2357.5,2359.59,0.01176,0.006654,1.5368,0.9759,13,0.0,False,0.0,stage_1_fast_path,240.66,53.48,0.0172,0.1096,4.157,18.110833,43.142778,0.01244,0.4766,2.092,0.4648,D,sub_pixel;height_noise,2,0.1511,,0.03147,low
id_070019,Al-'Aws,1985,12.0,9.0,55.0,0.035,full,,1.0,1594.0,1605.0,0.006335,8.479e-05,2.2734,0.9511,7,0.0,True,0.0,stage_5_relaxed_alignment,90.25,10.03,0.01932,0.5733,11.05,18.279619,42.333383,0.03575,1.021,11.0,1.222,D,sub_pixel;pre_srtm,2,0.005681,,0.005657,low
id_070020,Rim,1982,11.0,8.0,55.0,0.05,full,,1.0,797.0,809.0,0.00996,0.1123,1.4185,0.9801,11,0.0,True,0.0,stage_5_relaxed_alignment,120.36,15.05,0.1051,0.5576,4.13,18.235867,42.178497,0.05138,1.028,12.0,1.5,D,sub_pixel;pre_srtm,2,0.007653,,0.00214,low
id_070021,Al-'Asim,1983,15.0,12.0,70.0,0.06,full,,1.0,2398.0,2403.3,0.009048,0.007167,1.6419,0.9531,10,0.0,False,0.0,stage_2_upstream_walk,120.32,10.03,0.01769,0.2225,4.913,18.29138,42.444115,0.02307,0.3846,5.298,0.4415,D,sub_pixel;pre_srtm,2,0.03798,,0.01029,low
id_070022,Al-Sawdah,1983,13.0,10.0,28.0,0.34,full,,1.0,2643.5,2651.03,0.01177,0.009587,1.639,0.9479,13,0.0,False,0.0,stage_5_relaxed_alignment,120.34,12.03,0.05799,0.1964,6.926,18.236389,42.412778,0.04978,0.1464,7.528,0.7528,D,sub_pixel;pre_srtm,2,10.28,2348.9,0.6927,severe
id_070023,Khath'am,1983,11.0,8.0,50.0,0.252,full,,1.0,1739.0,1745.82,0.01616,0.1769,1.2666,0.9735,18,0.0,False,0.0,stage_2_upstream_walk,149.8,18.73,0.2122,0.2618,12.64,19.799416,41.882239,0.04039,0.1603,6.816,0.852,D,sub_pixel;pre_srtm,2,2.767,2426.6,0.4591,high
id_070024,Marah,2009,16.0,13.0,253.0,0.325,full,,1.0,822.0,830.43,0.05332,0.005136,1.5878,0.9938,59,0.0,False,0.0,stage_1_fast_path,330.7,25.44,0.1029,0.3032,52.74,18.5825,42.15,0.174,0.5353,8.428,0.6483,A,-,0,2.087,2408.7,0.4429,high
id_070025,Al-Ramid,2003,8.0,5.5,105.0,0.09,full,,1.0,2358.5,2365.21,0.01449,0.02371,1.5106,0.976,16,0.0,False,0.0,stage_5_relaxed_alignment,180.55,32.83,0.04835,0.1874,4.61,17.981392,43.20996,0.04731,0.5257,6.71,1.22,D,sub_pixel,1,0.2275,,0.02062,low
id_070026,Zahrah Bani Bashar,1983,10.0,7.0,175.0,0.1,full,,1.0,2380.5,2383.81,0.01449,5.259e-05,2.0933,0.937,16,0.0,False,0.0,stage_2_upstream_walk,270.85,38.69,0.08907,0.2394,4.481,17.941944,43.225833,0.03034,0.3034,3.312,0.4731,D,sub_pixel;pre_srtm,2,5.33,2352.0,0.79,severe
id_070027,Khidar,2003,12.0,9.0,241.0,0.108,full,,1.0,2368.0,2371.09,0.009047,0.001746,1.7379,0.9441,10,0.0,False,0.0,stage_1_fast_path,240.62,26.74,0.08607,0.3172,7.431,18.153911,43.1882,0.01538,0.1424,3.094,0.3438,D,sub_pixel,1,20.61,2402.0,1.0,fully_silted
id_070028,Al-'Amal (Zahir),2010,16.0,13.0,81.0,0.11,full,,1.0,2313.5,2321.5,0.03349,0.0004861,1.8436,0.9851,37,0.0,True,0.0,stage_2_upstream_walk,210.58,16.2,0.007313,0.2194,22.54,18.076667,43.235556,0.1113,1.012,8.0,0.6154,B,-,0,11.8,2437.1,1.0,fully_silted
id_070029,Al Basam,2010,6.0,3.0,176.0,0.0477,full,,1.0,2479.5,2482.93,0.01086,0.00551,1.5965,0.9272,12,0.0,False,0.0,stage_1_fast_path,120.35,40.12,0.005309,0.1561,4.568,18.035556,43.188611,0.01833,0.3843,3.427,1.142,D,sub_pixel;height_noise,2,0.1571,,0.01852,low
id_070030,Bani Qays,2003,15.0,12.0,120.0,0.117,full,,1.0,823.0,830.84,0.009913,0.0533,1.4377,0.9642,11,0.0,False,0.0,stage_2_upstream_walk,120.08,10.01,0.06214,0.4271,16.6,19.145,42.034006,0.03447,0.2946,7.836,0.653,D,sub_pixel,1,2.382,2393.8,0.5979,severe
id_070031,Al-Mashrab,2010,9.0,6.0,391.0,0.1112,full,,1.0,2338.5,2342.43,0.03981,1.399e-07,2.5297,0.9797,44,0.0,False,0.0,stage_2_upstream_walk,360.96,60.16,0.02677,0.1211,83.06,18.1383,43.134147,0.06515,0.586,3.934,0.6556,B,-,0,4.657,2402.0,1.0,fully_silted
id_070033,Al-Wuqirah,2004,6.0,4.25,105.0,0.1,full,,1.0,2343.5,2349.48,0.01086,0.1156,1.3391,0.9441,12,0.0,False,0.0,stage_2_upstream_walk,150.44,35.4,0.003101,0.1664,5.682,18.014143,43.328845,0.02693,0.2693,5.977,1.406,D,sub_pixel;height_noise,2,11.62,2437.1,1.0,fully_silted
id_070034,Tha'abah,1983,11.0,8.0,100.0,0.23,full,,1.0,1141.5,1150.35,0.009052,1.392e-07,2.9008,0.9405,10,0.0,False,0.0,stage_2_upstream_walk,90.26,11.28,0.07191,0.4085,4.35,18.266239,42.270122,0.04843,0.2106,8.849,1.106,D,sub_pixel;pre_srtm,2,6.783,2348.9,0.4243,high
id_070035,Mahlah 'Ar'arah,2010,12.0,9.0,113.0,0.0792,full,,1.0,2531.0,2538.16,0.01449,3.947e-05,2.1943,0.9776,16,0.0,False,0.0,stage_2_upstream_walk,120.38,13.38,0.01029,0.3066,4.293,17.932042,43.286525,0.05343,0.6744,7.156,0.7952,D,sub_pixel,1,0.08557,,0.005709,low
id_070036,Al-Dirham,2010,15.0,12.0,168.0,0.0867,full,,1.0,2514.0,2521.3,0.02535,0.3442,1.1916,0.9745,28,0.0,False,0.0,stage_1_fast_path,210.63,17.55,0.03796,0.3313,4.308,17.993643,43.264752,0.06655,0.7675,7.305,0.6087,B,sub_pixel,1,0.2508,,0.01534,low
id_070037,Al-Batnah,1983,13.0,10.0,360.0,0.1518,full,,1.0,1723.5,1732.5,0.07755,0.2181,1.2038,0.9971,86,0.0,True,0.0,stage_2_upstream_walk,780.77,78.08,0.007516,0.08656,32.01,18.858056,42.655278,0.1718,1.132,9.0,0.9,A,pre_srtm,1,2.635,2445.8,1.0,fully_silted
id_070038,Ru'am,1985,16.0,13.0,57.0,1.5,,,,,,,,,,,,,,,361.02,27.77,0.04991,0.2246,66.26,18.329722,42.0925,,,,,,,,5.684,2397.3,0.7919,severe
id_070039,Al-Ghilan,2004,14.0,11.5,150.0,0.15,full,,1.0,2301.5,2308.86,0.03078,0.1084,1.3031,0.9902,34,0.0,False,0.0,stage_2_upstream_walk,240.72,20.93,0.001485,0.07818,4.108,18.055833,42.951492,0.07922,0.5281,7.358,0.6398,A,-,0,4.582,2350.7,0.2124,moderate
id_070040,Rimah,2009,15.0,12.0,205.0,0.23,full,,1.0,2481.0,2489.15,0.04433,5.679e-05,2.0495,0.9916,49,0.0,False,0.0,stage_1_fast_path,180.46,15.04,0.03897,0.2277,4.316,18.355,42.386389,0.1893,0.823,8.153,0.6794,A,-,0,2.497,2348.9,0.06127,low
id_070041,Tulihah Al-Sharaf,2010,8.0,6.0,281.0,0.3557,full,,1.0,1896.0,1901.39,0.0298,0.001014,1.7541,0.9902,33,0.0,False,0.0,stage_2_upstream_walk,570.98,95.16,0.006108,0.08034,188.27,18.447222,43.371389,0.06931,0.1949,5.392,0.8987,C,-,0,2.822,2523.2,1.0,fully_silted
id_070042,Al-Hadilah,2010,9.5,6.5,265.0,0.16,full,,1.0,2298.5,2303.1,0.01811,0.0005685,1.8397,0.9632,20,0.0,False,0.0,stage_1_fast_path,270.83,41.67,0.04918,0.1934,4.123,18.050833,42.814444,0.04505,0.2816,4.603,0.7081,C,sub_pixel,1,8.96,2350.7,0.2842,high
id_070043,Wasanib,1985,23.0,20.0,100.0,0.182,full,,1.0,1091.0,1108.0,0.02533,0.03437,1.5287,0.9928,28,0.0,True,0.0,stage_2_upstream_walk,270.72,13.54,0.1215,0.4492,4.103,18.357849,42.242151,0.1889,1.038,17.0,0.85,A,sub_pixel;pre_srtm,2,1.878,2348.9,0.1335,moderate
id_070044,Radah,1985,18.0,15.0,70.0,0.192,full,,1.0,1169.0,1191.0,0.0172,0.000474,2.0364,0.9534,19,0.0,True,0.0,stage_5_relaxed_alignment,150.45,10.03,0.004977,0.516,4.203,18.236714,42.205464,0.2005,1.045,22.0,1.467,D,sub_pixel;pre_srtm,2,7.013,2397.3,0.4842,high
id_070045,Bashut,1983,13.0,10.0,250.0,0.2,full,,1.0,2188.0,2196.0,0.04764,4.785e-07,2.4979,0.9833,53,0.0,True,0.0,stage_3_quality_recovery,209.86,20.99,0.02124,0.1359,4.928,19.579444,41.889444,0.2186,1.093,8.0,0.8,B,pre_srtm,1,1.979,2389.9,0.1613,moderate
id_070046,Al-Faqa'is,2010,13.0,10.0,105.0,0.1027,full,,1.0,2386.5,2394.5,0.04164,0.05064,1.3828,0.9851,46,0.0,True,0.0,stage_2_upstream_walk,150.44,15.04,0.05629,0.2677,11.08,18.0225,43.28201,0.1179,1.148,8.0,0.8,B,-,0,13.59,2437.1,1.0,fully_silted
id_070047,Al 'Ifah,2010,14.0,11.0,115.0,0.0747,full,,1.0,2532.0,2538.45,0.01722,0.009156,1.5949,0.9656,19,0.0,False,0.0,stage_2_upstream_walk,150.52,13.68,0.01785,0.2214,4.781,17.790833,43.417222,0.05324,0.7127,6.453,0.5867,D,sub_pixel,1,0.1408,,0.01109,low
id_070048,Al-Khulsah,2009,20.0,16.0,94.0,0.138,full,,1.0,2430.0,2443.47,0.01896,0.01364,1.6105,0.9834,21,0.0,False,0.0,stage_1_fast_path,150.23,9.389,0.02591,0.188,21.0,18.766944,42.260556,0.1122,0.8128,13.47,0.8417,B,sub_pixel,1,2.384,2369.8,0.4744,high
id_070049,Al-Qabdah,1984,13.0,10.0,50.0,0.26,full,,1.0,2142.5,2153.25,0.02811,0.0004795,1.9018,0.9698,31,0.0,False,0.0,stage_5_relaxed_alignment,391.49,39.15,0.02502,0.2481,17.47,17.634683,43.525867,0.1539,0.5921,10.75,1.075,B,pre_srtm,1,8.73,2378.1,1.0,fully_silted
id_070050,Shari,2009,12.0,9.0,208.0,0.2752,full,,1.0,375.5,381.5,0.1578,0.003223,1.5409,0.9984,175,0.0,True,0.0,stage_1_fast_path,270.28,30.03,0.09318,0.1929,109.94,18.982222,41.911111,0.3296,1.198,6.0,0.6667,A,-,0,4.331,2423.3,1.0,fully_silted
id_070051,Al-Harajah,1983,11.5,8.0,160.0,0.28,full,,1.0,2370.0,2372.35,0.01902,7.853e-10,3.1669,0.9651,21,0.0,False,0.0,stage_1_fast_path,210.66,26.33,0.0177,0.2671,6.699,17.915733,43.332072,0.02808,0.1003,2.354,0.2942,C,sub_pixel;pre_srtm,2,11.21,2376.1,0.8871,severe
id_070052,Ghadar,1980,13.0,10.0,157.0,0.3,full,,1.0,2014.0,2024.0,0.1241,0.07856,1.3021,0.9927,138,0.0,True,0.0,stage_1_fast_path,209.9,20.99,0.007951,0.172,9.803,19.549444,41.983333,0.3376,1.125,10.0,1.0,A,pre_srtm,1,6.841,2428.4,0.791,severe
id_070053,Al-'Ayinah,1982,8.0,5.5,80.0,0.3,full,,1.0,437.0,442.64,0.01994,0.1111,1.2999,0.9586,22,0.0,False,0.0,stage_2_upstream_walk,240.83,43.79,0.03129,0.2367,23.3,18.053333,42.2683,0.04554,0.1518,5.638,1.025,C,sub_pixel;pre_srtm,2,1.922,2365.8,0.5052,severe
id_070054,Sadwan,2010,18.0,15.0,115.0,0.264,full,,1.0,2173.0,2186.0,0.06044,0.03895,1.4314,0.9974,67,0.0,True,0.0,stage_3_quality_recovery,180.21,12.01,0.0007012,0.2313,23.77,18.908611,42.225278,0.2727,1.033,13.0,0.8667,A,-,0,2.997,2369.8,0.3321,high
id_070055,As-Samkhiyah,2010,9.0,6.0,264.0,0.0904,full,,1.0,2277.0,2282.3,0.03622,2.492e-05,2.0798,0.9839,40,0.0,False,0.0,stage_1_fast_path,240.72,40.12,0.04441,0.1397,4.188,18.073139,42.829531,0.07968,0.8816,5.302,0.8837,B,-,0,0.09673,,0.005515,low
id_070056,Al-Maraghah,1982,11.0,8.0,233.0,0.3,full,,1.0,2115.5,2124.35,0.08869,0.6637,1.1083,0.9909,98,0.0,False,0.0,stage_1_fast_path,270.75,33.84,0.01631,0.09478,184.1,18.162483,42.797581,0.2152,0.7172,8.854,1.107,A,pre_srtm,1,3.968,2350.7,1.0,fully_silted
id_070057,Al-Akhdar Al-Musfir,2015,14.0,11.0,98.0,0.3326,full,,1.0,2041.5,2050.11,0.02078,0.03995,1.4384,0.9759,23,0.0,False,0.0,stage_1_fast_path,120.22,10.93,0.03995,0.1619,33.22,18.59094,42.473017,0.07272,0.2186,8.615,0.7832,C,sub_pixel,1,4.067,2416.0,0.3437,high
id_070058,Hijrat Zahir,1983,10.0,7.0,100.0,0.35,full,,1.0,2107.0,2112.58,0.05424,2.946e-06,2.2558,0.9872,60,0.0,False,0.0,stage_2_upstream_walk,180.4,25.77,0.006859,0.09835,29.48,18.283333,43.29365,0.1523,0.4352,5.575,0.7965,B,pre_srtm,1,3.605,2523.2,1.0,fully_silted
id_070059,Al-Nahrah,2002,13.0,10.0,95.0,0.35,full,,1.0,2372.5,2376.68,0.02807,0.02958,1.3956,0.9456,31,0.0,False,0.0,stage_2_upstream_walk,180.54,18.05,0.1062,0.239,4.275,17.993107,43.202364,0.05501,0.1572,4.18,0.418,C,-,0,17.6,2402.0,0.3969,high
id_070060,Rawdan,2015,6.5,4.0,169.0,0.3572,full,,1.0,1858.0,1864.04,0.08488,3.977e-05,1.9789,0.9774,94,0.0,False,0.0,stage_1_fast_path,120.2,30.05,0.02268,0.1394,41.37,18.580533,42.816416,0.2524,0.7066,6.043,1.511,B,height_noise,1,3.287,2505.8,0.3221,high
id_070061,Surum,1998,11.0,8.0,112.0,0.39,full,,1.0,2211.0,2219.65,0.01712,0.02188,1.512,0.9789,19,0.0,False,0.0,stage_2_upstream_walk,120.06,15.01,0.0001338,0.1809,4.335,19.140111,42.192611,0.06284,0.1611,8.647,1.081,D,sub_pixel;pre_srtm,2,4.372,2393.8,0.1047,moderate
id_070063,Al-'Adiyah,1983,11.0,8.0,170.0,0.48,full,,1.0,2495.0,2505.11,0.02354,0.03665,1.4594,0.9886,26,0.0,False,0.0,stage_1_fast_path,270.83,33.85,0.06508,0.2912,7.4,17.958567,43.264369,0.0978,0.2037,10.11,1.263,C,sub_pixel;pre_srtm,2,10.49,2437.1,0.5349,severe
id_070064,Al-Hufah,1981,20.0,18.0,130.0,0.5,full,,1.0,2312.5,2325.2,0.03344,0.04244,1.4621,0.9894,37,0.0,False,0.0,stage_2_upstream_walk,300.62,16.7,0.01249,0.1725,4.124,18.536497,42.394469,0.1929,0.3859,12.7,0.7053,B,pre_srtm,1,8.728,2372.6,0.2492,moderate
id_070065,Ar-Rashid,1992,11.0,8.5,149.0,0.5,full,,1.0,2151.0,2159.73,0.07504,0.007983,1.5419,0.9941,83,0.0,False,0.0,stage_1_fast_path,240.55,28.3,0.01707,0.1283,18.44,18.25985,43.2309,0.2773,0.5547,8.728,1.027,A,pre_srtm,1,10.6,2523.2,1.0,fully_silted
id_070066,Al Thabit (Al-Khir),2008,10.0,7.0,120.0,0.5,full,,1.0,2209.0,2214.27,0.04532,3.537e-05,2.0218,0.9766,50,0.0,False,0.0,stage_2_upstream_walk,240.84,34.41,0.01205,0.1731,18.19,17.758889,43.470278,0.1006,0.2012,5.274,0.7534,C,-,0,8.346,2376.1,0.4204,high
id_070067,Al-Hajlah,2010,12.0,9.0,129.0,0.3429,full,,1.0,2172.0,2182.5,0.1086,0.007621,1.5225,0.9982,120,0.0,True,0.0,stage_1_fast_path,120.33,13.37,0.01981,0.1533,112.85,18.132222,43.0025,0.3491,1.018,10.5,1.167,A,-,0,5.132,2402.0,1.0,fully_silted
id_070068,Jabal Khat,2010,18.0,15.0,158.0,0.5,full,,1.0,749.0,758.94,0.02885,0.03419,1.4649,0.9821,32,0.0,False,0.0,stage_1_fast_path,300.24,20.02,0.08051,0.2572,29.4,19.088889,42.046944,0.1197,0.2393,9.939,0.6626,C,-,0,2.712,2393.8,0.1963,moderate
id_070069,Jariyah Al-Majardah,2009,14.0,11.0,83.0,0.6,full,,1.0,550.5,563.0,0.1162,0.007139,1.5681,0.9971,129,0.0,True,0.0,stage_2_upstream_walk,240.11,21.83,0.05158,0.2537,92.25,19.194981,41.922949,0.6144,1.024,12.5,1.136,A,-,0,2.502,2423.3,0.503,severe
id_070070,Afyadh Al-Talhah,2007,9.0,7.0,400.0,0.748,full,,1.0,2165.5,2174.14,0.1722,0.001169,1.652,0.9886,190,0.0,False,0.0,stage_1_fast_path,391.34,55.91,0.001565,0.115,63.81,17.783333,43.508056,0.5675,0.7587,8.643,1.235,B,-,0,6.061,2410.8,0.7557,severe
id_070071,Sharaqib,1982,12.0,9.0,70.0,0.79,full,,1.0,2357.0,2365.96,0.05345,0.009727,1.5428,0.9967,59,0.0,False,0.0,stage_2_upstream_walk,180.58,20.06,0.04577,0.1877,4.377,17.88171,43.350239,0.1982,0.2508,8.962,0.9958,C,pre_srtm,1,11.56,2376.1,0.2168,moderate
id_070072,Shi'b Shadad,2009,8.0,6.0,77.0,0.074,full,,1.0,2163.5,2169.35,0.01528,0.0006137,1.8741,0.9911,17,0.0,False,0.0,stage_2_upstream_walk,89.94,14.99,0.01147,0.1589,4.743,19.566389,41.8975,0.04225,0.5709,5.854,0.9756,D,sub_pixel;narrow_valley,2,0.01548,,0.001297,low
id_070074,Surum Al-Harajah,1978,11.0,8.0,75.0,0.1216,full,,1.0,2288.0,2294.5,0.06521,0.1615,1.2207,0.9922,72,0.0,True,0.0,stage_1_fast_path,120.38,15.05,0.01453,0.1128,15.16,17.903486,43.470911,0.1261,1.037,6.5,0.8125,A,pre_srtm,1,4.95,2376.1,1.0,fully_silted
id_070075,Sarabah,1984,18.0,15.0,170.0,1.0,,,,,,,,,,,,,,,240.16,16.01,0.06057,0.1277,6.199,19.104528,42.143333,,,,,,,,6.21,2393.8,0.1244,moderate
id_070076,Bahwan,2010,11.0,8.0,275.0,0.1216,full,,1.0,2007.0,2011.5,0.06592,0.0003392,1.775,0.9821,73,0.0,True,0.0,stage_3_quality_recovery,330.54,41.32,0.04892,0.198,30.89,18.6825,42.413611,0.1289,1.06,4.5,0.5625,B,-,0,4.92,2372.6,1.0,fully_silted
id_070077,Tabab,1982,13.0,10.0,50.0,0.09,full,,1.0,2447.0,2455.5,0.03256,0.098,1.3411,0.9872,36,0.0,True,0.0,stage_2_upstream_walk,120.3,12.03,0.006497,0.214,13.65,18.367438,42.361866,0.1038,1.153,8.5,0.85,B,pre_srtm,1,0.08572,,0.044,low
id_070078,Anam,1984,21.0,18.0,120.0,2.0,,,,,,,,,,,,,,,240.69,13.37,0.03391,0.2738,4.086,18.04985,43.227133,,,,,,,,19.61,2402.0,0.1294,moderate
id_070079,Al-Musayriq,2008,9.0,6.0,84.0,0.433,full,,1.0,1600.0,1609.5,0.1828,0.0169,1.4121,0.9988,203,0.0,True,0.0,stage_1_fast_path,90.03,15.0,0.01341,0.165,13.97,19.049444,42.908611,0.4566,1.054,9.5,1.583,A,-,0,2.543,2561.8,0.1136,moderate
id_070080,Al-Ghurah,2009,22.0,19.0,76.0,0.135,full,,1.0,2460.5,2472.0,0.06033,0.003515,1.6022,0.9878,67,0.0,True,0.0,stage_2_upstream_walk,150.04,7.897,0.01264,0.1617,7.796,19.260278,42.0925,0.1632,1.209,11.5,0.6053,B,-,0,2.694,2396.4,0.2034,moderate
id_070081,Maskah,2009,8.0,6.0,225.0,0.4112,full,,1.0,1320.5,1328.5,0.1667,0.009283,1.4662,0.9949,186,0.0,True,0.0,stage_1_fast_path,359.28,59.88,0.03213,0.1274,35.37,20.024502,42.185128,0.4377,1.064,8.0,1.333,A,-,0,4.718,2518.5,0.5307,severe
id_070082,Al-Madhah,1983,8.0,6.5,1070.0,4.25,full,,1.0,1616.5,1632.0,1.3,0.01829,1.374,0.9971,1442,0.0,True,0.0,stage_1_fast_path,1020.88,157.06,0.00395,0.06116,837.2,18.787722,43.210619,4.792,1.128,15.5,2.385,A,pre_srtm,1,2.436,2556.0,1.0,fully_silted
id_070083,Haswah,1983,11.0,8.0,45.0,0.02,full,,1.0,1441.5,1448.0,0.005433,1.804e-06,2.6652,0.9125,6,0.0,True,0.0,stage_5_relaxed_alignment,90.27,11.28,0.01382,0.4874,15.74,18.204163,42.31517,0.0206,1.03,6.5,0.8125,D,sub_pixel;pre_srtm,2,0.02568,,0.06685,low
id_070084,Subh,2010,13.0,10.0,130.0,0.2297,full,,1.0,2339.0,2344.96,0.01355,0.08613,1.3635,0.8844,15,0.0,False,0.0,stage_2_upstream_walk,330.56,33.06,0.0005641,0.2198,29.35,18.677844,42.331407,0.03454,0.1504,5.965,0.5965,D,sub_pixel,1,2.719,2372.6,0.4276,high
id_070085,Tamniyah,1984,11.0,8.0,100.0,0.3,full,,1.0,2293.5,2300.41,0.04619,0.0007185,1.778,0.9903,51,0.0,False,0.0,stage_1_fast_path,180.57,22.57,0.1121,0.2428,16.81,18.023,42.7637,0.1431,0.477,6.909,0.8637,B,pre_srtm,1,2.326,2350.7,0.4211,high
id_070086,Al-Gha'il,2010,19.0,16.0,68.0,0.2114,full,,1.0,1664.0,1680.32,0.02992,0.8776,1.1905,0.9566,33,0.0,False,0.0,stage_2_upstream_walk,180.68,11.29,0.09865,0.3688,12.34,17.677728,43.346587,0.1879,0.889,16.32,1.02,B,-,0,17.77,2343.7,1.0,fully_silted
id_070087,Al-Da'fah,2010,13.0,10.0,43.0,0.0719,full,,1.0,2206.0,2213.5,0.02266,0.003008,1.7003,0.9797,25,0.0,True,0.0,stage_5_relaxed_alignment,150.52,15.05,0.004569,0.2878,4.83,17.786944,43.379167,0.08134,1.131,7.5,0.75,B,sub_pixel,1,0.1322,,0.01093,low
id_070088,Halba,2012,35.0,31.0,114.0,0.973,full,,1.0,2272.0,2301.0,0.08105,0.002794,1.7426,0.9938,90,0.0,True,0.0,stage_3_quality_recovery,180.05,5.808,0.05914,0.2754,37.8,19.246531,42.119876,0.9987,1.026,29.0,0.9355,A,-,0,5.933,2396.4,0.2482,moderate
id_070089,Al-Mawin,1983,11.0,8.0,120.0,0.4,full,,1.0,2081.5,2097.0,0.07496,0.005003,1.6266,0.9971,83,0.0,True,0.0,stage_2_upstream_walk,150.26,18.78,0.0189,0.2639,40.29,18.650156,42.397278,0.4333,1.083,15.5,1.938,A,pre_srtm,1,4.677,2372.6,1.0,fully_silted
id_070090,Turayf,2010,17.0,14.0,90.0,0.4553,full,,1.0,2189.0,2205.0,0.0594,0.0001306,2.0,0.9963,66,0.0,True,0.0,stage_3_quality_recovery,150.0,10.71,0.002554,0.2863,20.09,19.355278,42.090833,0.4756,1.045,16.0,1.143,A,-,0,3.751,2396.4,0.2037,moderate
id_070091,Ashran,1983,38.0,31.5,111.0,1.5,full,,1.0,2428.0,2446.5,0.2199,0.002274,1.6558,0.9991,243,0.0,True,0.0,stage_2_upstream_walk,360.99,11.46,0.1001,0.2399,35.09,18.269167,42.438056,1.59,1.06,18.5,0.5873,A,pre_srtm,1,8.628,2348.9,0.6676,severe
id_070092,Amiq Bal-Lahmar,2010,30.0,27.0,114.0,1.062,full,,1.0,2292.0,2321.5,0.1039,0.1646,1.3547,0.9949,115,0.0,True,0.0,stage_3_quality_recovery,180.31,6.678,0.02318,0.3531,53.34,18.686,42.291486,1.088,1.024,29.5,1.093,A,-,0,4.968,2372.6,0.3071,high
id_070093,Khurs,2009,18.0,15.0,136.0,0.4467,full,,1.0,2199.5,2212.5,0.09741,0.009083,1.5468,0.9968,108,0.0,True,0.0,stage_3_quality_recovery,210.23,14.02,0.007898,0.194,51.43,18.907222,42.319444,0.469,1.05,13.0,0.8667,A,-,0,3.907,2369.8,0.5882,severe
id_070094,Athab,1984,11.0,8.0,95.0,1.064,full,,1.0,1738.5,1748.91,0.302,0.0005619,1.6634,0.9954,335,0.0,False,0.0,stage_5_relaxed_alignment,180.16,22.52,0.006619,0.05769,40.04,18.850858,42.855842,0.7524,0.7071,10.41,1.301,A,pre_srtm,1,1.43,2532.4,0.1739,moderate
id_070095,Al-Dahnah,1983,15.0,12.0,70.0,0.12,full,,1.0,2223.5,2229.75,0.02255,7.386e-09,2.9916,0.9806,25,0.0,False,0.0,stage_1_fast_path,120.14,10.01,0.06187,0.1969,9.235,18.908833,42.208306,0.07623,0.6352,6.248,0.5207,B,sub_pixel;pre_srtm,2,4.225,2411.0,1.0,fully_silted
id_070096,Al-Qabah,2011,17.0,14.0,166.0,2.0,full,,1.0,1495.0,1514.0,0.2437,0.00051,1.781,0.9974,271,0.0,True,0.0,stage_1_fast_path,209.89,14.99,0.09851,0.3689,460.0,19.504167,42.185,2.081,1.04,19.0,1.357,A,-,0,4.562,2428.4,1.0,fully_silted
id_070097,Ghalabah,2008,16.0,13.0,185.0,0.2177,full,,1.0,2024.5,2034.5,0.04597,6.431e-06,2.2654,0.9941,51,0.0,True,0.0,stage_3_quality_recovery,180.14,13.86,0.01394,0.2514,93.08,19.04,42.215278,0.2405,1.104,10.0,0.7692,A,-,0,4.03,2393.8,1.0,fully_silted
id_070098,Dhahban,1996,15.0,12.0,262.0,2.29,full,,1.0,27.5,44.0,0.7055,0.01038,1.4292,0.9986,779,0.0,True,0.0,stage_1_fast_path,391.23,32.6,0.003673,0.1341,470.07,18.13764,41.641,2.453,1.071,16.5,1.375,A,pre_srtm,1,6.278,2410.7,1.0,fully_silted
id_070099,Al-Fid,1984,23.0,20.0,130.0,2.5,partial,2160.06,0.6037,2155.5,2167.0,0.5404,2.969e-08,2.431,0.9986,597,0.0,True,0.0,stage_2_upstream_walk,451.3,22.57,0.007534,0.1533,300.6,17.999178,43.428686,2.519,1.008,11.5,0.575,A,pre_srtm,1,5.513,2437.1,1.0,fully_silted
id_070100,Qurdan,2012,17.0,13.0,195.0,0.78,full,,1.0,2361.0,2370.0,0.2653,0.01028,1.4589,0.9987,293,0.0,True,0.0,stage_2_upstream_walk,391.19,30.09,0.01953,0.1087,29.83,17.994082,43.114552,0.8304,1.065,9.0,0.6923,A,-,0,7.215,2402.0,0.2972,high
id_070101,Harjab,2012,21.0,16.0,203.0,4.65,full,,1.0,1474.0,1491.31,0.5008,0.0009736,1.6703,0.9986,557,0.0,False,0.0,stage_1_fast_path,179.92,11.24,0.02081,0.1398,790.97,19.332222,42.835278,3.375,0.7258,17.31,1.082,A,-,0,1.454,2581.8,0.2664,high
id_070102,Al-Sarwa,1982,5.0,3.0,120.0,0.055,full,,1.0,2381.0,2386.5,0.04345,0.1963,1.1974,0.9903,48,0.0,True,0.0,stage_3_quality_recovery,180.52,60.17,0.005816,0.06837,4.829,18.050278,43.129253,0.07129,1.296,5.5,1.833,A,height_noise;pre_srtm,2,0.2426,,0.07209,low
id_070103,Al-'Asran,1983,10.5,8.0,200.0,0.06,full,,1.0,2381.0,2386.25,0.01901,0.0005913,1.8536,0.9498,21,0.0,False,0.0,stage_1_fast_path,210.63,26.33,0.01415,0.1124,4.248,18.034772,43.0665,0.05998,0.9997,5.252,0.6565,B,sub_pixel;pre_srtm,2,0.1729,,0.04049,low
id_070104,Abu Khuda'ah,1983,5.0,2.1,65.0,0.1,full,,1.0,2064.5,2067.22,0.0371,0.001573,1.624,0.9955,41,0.0,False,0.0,stage_2_upstream_walk,180.48,85.94,0.00142,0.04274,257.26,18.20185,42.85783,0.0423,0.423,2.715,1.293,D,height_noise;pre_srtm,2,4.17,2435.1,1.0,fully_silted
id_070105,Kutam,2009,16.0,13.0,166.0,0.5195,full,,1.0,2159.5,2171.0,0.1079,0.0013,1.7146,0.9975,119,0.0,True,0.0,stage_3_quality_recovery,240.94,18.53,0.01432,0.2257,72.44,17.586455,43.542573,0.5665,1.09,11.5,0.8846,A,-,0,6.655,2378.1,1.0,fully_silted
id_070106,Al-'Ayzah,1983,11.0,8.0,80.0,0.15,full,,1.0,2276.5,2281.59,0.009961,2.12e-06,2.5404,0.9091,11,0.0,False,0.0,stage_2_upstream_walk,150.46,18.81,0.02028,0.1697,18.18,17.967733,43.196678,0.03351,0.2234,5.092,0.6365,D,sub_pixel;pre_srtm,2,11.57,2402.0,1.0,fully_silted
id_070107,Al-Farwan,1983,17.0,14.0,140.0,0.107,full,,1.0,2193.5,2201.5,0.03626,0.0009926,1.772,0.9904,40,0.0,True,0.0,stage_3_quality_recovery,180.65,12.9,0.01504,0.1941,10.94,17.722339,43.495892,0.1188,1.11,8.0,0.5714,A,pre_srtm,1,10.21,2410.8,1.0,fully_silted
id_070108,Wadi Daf,1983,10.0,7.0,70.0,0.25,full,,1.0,2318.0,2325.0,0.09502,0.0003767,1.7733,0.9979,105,0.0,True,0.0,stage_5_relaxed_alignment,270.74,38.68,0.01419,0.2239,18.22,18.101472,43.20805,0.2604,1.042,7.0,1.0,A,pre_srtm,1,11.14,2402.0,1.0,fully_silted
id_070109,Thama,1981,15.0,12.0,145.0,0.325,full,,1.0,2114.0,2124.0,0.08453,0.007369,1.5549,0.9983,94,0.0,True,0.0,stage_1_fast_path,179.92,14.99,0.0322,0.1874,4.462,19.522217,41.981979,0.3386,1.042,10.0,0.8333,A,pre_srtm,1,6.274,2428.4,0.2982,high
id_070110,Al-Jawah,1998,14.0,11.0,122.0,0.5,full,,1.0,2446.0,2459.85,0.03442,0.0002348,1.9715,0.9861,38,0.0,False,150.48,stage_2_upstream_walk,240.77,21.89,0.116,0.3464,6.248,17.914444,43.248889,0.2133,0.4266,13.85,1.259,B,pre_srtm,1,13.17,2376.1,0.3545,high
id_070111,Awis,2010,23.0,20.0,127.0,0.593,full,,1.0,2252.0,2267.0,0.08551,7.499e-05,2.0096,0.9956,95,0.0,True,0.0,stage_2_upstream_walk,180.01,9.001,0.01236,0.2295,19.73,19.319167,42.121389,0.6119,1.032,15.0,0.75,A,-,0,3.611,2396.4,0.1479,moderate
id_070112,Yafif,1983,11.0,8.0,150.0,0.69,full,,1.0,1781.0,1790.63,0.0476,0.0001333,1.9478,0.988,53,0.0,False,0.0,stage_2_upstream_walk,299.67,37.46,0.02544,0.1253,21.32,19.740833,41.925694,0.1897,0.2749,9.628,1.204,C,pre_srtm,1,3.372,2426.6,0.3446,high
id_070113,Nabah,1983,14.0,11.0,140.0,0.75,full,,1.0,1855.0,1862.38,0.03233,0.001463,1.7333,0.9972,36,0.0,False,0.0,stage_2_upstream_walk,149.84,13.62,0.002701,0.3769,6.086,19.713889,41.897056,0.097,0.1293,7.378,0.6707,C,pre_srtm,1,7.418,2389.9,0.1991,moderate
id_070114,Khadar Al-Haymah,2009,9.0,6.0,648.0,1.1287,full,,1.0,1866.5,1875.35,0.3394,0.04047,1.3165,0.9972,376,0.0,False,0.0,stage_1_fast_path,570.87,95.14,0.005598,0.1069,126.81,18.695833,42.527222,0.8032,0.7116,8.847,1.475,A,-,0,2.863,2416.0,0.4206,high
id_070115,Tahallul,1984,13.5,10.5,140.0,1.4,,,,,,,,,,,,,,,180.43,17.18,0.05379,0.2503,103.07,18.403611,42.4,,,,,,,,2.692,2348.9,0.6403,severe
id_070116,Al-Mahzamah,1979,22.0,18.0,280.0,1.5,full,,1.0,2281.5,2296.5,0.5538,0.2434,1.1951,0.9988,612,0.0,True,0.0,stage_5_relaxed_alignment,1624.36,90.24,0.01633,0.08014,83.32,18.134705,43.106295,1.752,1.168,15.0,0.8333,A,pre_srtm,1,4.651,2402.0,0.934,severe
id_070117,Aqdah,1985,10.0,8.5,220.0,3.0,full,,1.0,2032.5,2041.5,0.255,0.0004021,1.7211,0.9988,282,0.0,False,-150.37,stage_4_river_retry,511.24,60.15,0.004481,0.08537,37.2,18.280428,42.864847,0.8336,0.2779,9.0,1.059,C,pre_srtm,1,4.608,2435.1,0.1802,moderate
id_070118,AL-Thafn,2018,8.5,7.0,189.0,0.6391,full,,1.0,1333.0,1346.0,0.2698,0.1586,1.2273,0.998,300,0.0,True,0.0,stage_1_fast_path,179.93,25.7,0.006822,0.1821,1732.74,19.245205,43.137778,0.7518,1.176,13.0,1.857,A,-,0,0.2625,2596.4,0.438,high
id_070119,Al-Farhah,2022,14.0,10.5,57.0,0.0592,full,,1.0,2475.5,2484.57,0.01448,0.09877,1.3874,0.9752,16,0.0,False,0.0,stage_2_upstream_walk,150.44,14.33,0.0214,0.2784,10.49,18.024167,43.238889,0.05567,0.9399,9.067,0.8635,D,sub_pixel,1,0.3081,,0.0168,low
id_070120,Hadhir,2021,26.0,19.5,111.0,0.2118,full,,1.0,2076.0,2089.48,0.02612,0.0006764,1.9034,0.991,29,0.0,False,0.0,stage_1_fast_path,180.07,9.235,0.0547,0.3289,25.04,19.196561,42.142478,0.1678,0.7922,13.48,0.6911,A,sub_pixel,1,0.02456,,0.001117,low
id_080002,Daqah,2009,18.0,10.0,200.0,1.4,full,,1.0,241.0,252.79,0.3612,1.72e-05,1.9573,0.9903,403,0.0,False,0.0,stage_1_fast_path,149.69,14.97,0.01118,0.2003,415.92,19.894722,41.136667,1.395,0.9961,11.79,1.179,A,-,0,3.818,2481.3,1.0,fully_silted
id_080003,Alib,2010,9.0,6.0,685.0,0.9721,full,,1.0,265.0,272.35,0.3624,0.00411,1.4911,0.9993,405,0.0,False,0.0,stage_1_fast_path,598.28,99.71,0.005379,0.1571,705.56,20.146111,41.065556,0.8119,0.8352,7.352,1.225,A,-,0,3.601,2454.9,1.0,fully_silted
id_080005,Al-Ahsabah,2011,20.0,18.0,895.0,11.0,full,,1.0,265.0,286.0,1.322,0.0003755,1.7081,0.9979,1473,0.0,True,0.0,stage_1_fast_path,329.55,18.31,0.04534,0.2552,925.83,19.699444,41.391667,11.03,1.002,21.0,1.167,A,-,0,7.204,2460.6,0.6996,severe
id_080007,Thurad,2007,25.0,20.0,120.0,14.136,full,,1.0,1513.0,1537.5,1.775,0.001985,1.5777,0.9988,1982,0.0,True,0.0,stage_3_quality_recovery,149.63,7.481,0.01262,0.1807,376.53,20.1575,41.721389,14.58,1.031,24.5,1.225,A,-,0,5.2,2466.2,0.2024,moderate
id_080009,Al-Janabin,2011,28.0,23.0,180.0,17.0,full,,1.0,1785.5,1813.57,1.352,1.002e-05,1.9854,0.9995,1507,0.0,False,0.0,stage_2_upstream_walk,209.64,9.115,0.00493,0.2467,209.51,19.900253,41.710566,15.34,0.9023,28.07,1.22,A,-,0,4.142,2370.1,0.0589,low
id_080010,Al-Aqiq,1987,30.0,23.0,167.0,19.1261,partial,1637.02,0.7209,1632.0,1650.0,2.691,2.381e-05,1.8571,0.9906,3007,0.0,True,0.0,stage_5_relaxed_alignment,329.07,14.31,0.002407,0.1398,309.43,20.2367,41.5708,19.74,1.032,18.0,0.7826,A,pre_srtm,1,5.273,2459.1,0.2559,high
id_080012,Ardah,2014,70.0,53.0,365.0,68.0,full,,1.0,1403.0,1457.05,3.292,0.009968,1.5051,0.9981,3687,0.0,False,0.0,stage_1_fast_path,358.59,6.766,0.02706,0.3203,1052.32,20.547222,41.289167,63.78,0.9379,54.05,1.02,A,-,0,7.403,2462.8,0.1058,moderate
id_080015,Matuwah,1983,11.0,8.0,134.0,0.024,full,,1.0,1925.0,1929.49,0.01346,0.02726,1.4286,0.9877,15,0.0,False,0.0,stage_2_upstream_walk,389.46,48.68,0.05749,0.2238,5.299,19.788483,41.740367,0.02176,0.9069,4.491,0.5614,D,sub_pixel;pre_srtm,2,0.00967,,0.007062,low
id_080016,Al-Arishayn,1983,14.0,11.0,117.0,0.037,full,,1.0,1964.0,1968.78,0.008974,5.899e-05,2.172,0.9702,10,0.0,False,0.0,stage_2_upstream_walk,239.66,21.79,0.02426,0.2954,4.46,19.797411,41.706988,0.02356,0.6367,4.781,0.4346,D,sub_pixel;pre_srtm,2,0.01559,,0.006216,low
id_080017,Al-Ritaq,2009,10.0,8.0,100.0,0.058,full,,1.0,1985.5,1990.45,0.01166,0.01447,1.531,0.9441,13,0.0,False,0.0,stage_2_upstream_walk,209.61,26.2,0.0002631,0.1769,22.06,19.916667,41.601389,0.02712,0.4679,4.95,0.6187,D,sub_pixel,1,0.3417,,0.17,moderate
id_080018,Zaqat,1983,11.0,8.0,160.0,0.07,full,,1.0,2036.5,2041.5,0.03588,0.001522,1.7007,0.9916,40,0.0,True,0.0,stage_2_upstream_walk,539.11,67.39,0.03071,0.1059,11.93,19.841683,41.579,0.08477,1.211,5.0,0.625,A,pre_srtm,1,0.06,,0.03382,low
id_080019,Al-Qamah,1983,9.0,6.0,65.0,0.08,full,,1.0,1929.0,1934.5,0.04397,0.0009332,1.7206,0.9855,49,0.0,True,0.0,stage_2_upstream_walk,179.74,29.96,0.01126,0.1274,8.902,19.807033,41.714017,0.08817,1.102,5.5,0.9167,B,pre_srtm,1,0.04598,,0.01692,low
id_080020,Al-Azizah,2013,14.0,11.0,94.0,0.0928,full,,1.0,1727.0,1734.42,0.01521,0.0002336,2.0054,0.9814,17,0.0,False,0.0,stage_1_fast_path,179.44,16.31,0.06091,0.2341,4.629,20.299167,41.413889,0.0559,0.6026,7.416,0.6742,D,sub_pixel,1,0.545,,0.02719,low
id_080021,Dharawah,1983,15.0,11.0,120.0,0.098,full,,1.0,1953.0,1957.1,0.01795,1.136e-06,2.4902,0.9778,20,0.0,False,0.0,stage_2_upstream_walk,179.74,16.34,0.02004,0.2299,4.46,19.799917,41.70925,0.04891,0.4991,4.105,0.3732,B,sub_pixel;pre_srtm,2,0.01559,,0.002347,low
id_080022,Al-Hijah,1983,13.0,10.0,160.0,0.1,full,,1.0,2045.0,2052.0,0.03499,0.00264,1.6792,0.9955,39,0.0,True,0.0,stage_1_fast_path,269.57,26.96,0.06475,0.1813,6.901,19.838031,41.637616,0.1148,1.148,7.0,0.7,A,pre_srtm,1,1.759,2370.1,0.4015,high
id_080023,Ajlan,1983,12.0,10.0,78.0,0.1,,,,,,,,,,,,,,,149.66,14.97,0.04894,0.2629,19.26,20.014617,41.45805,,,,,,,,0.03336,,0.02125,low
id_080024,Al-Malad,1983,12.0,7.0,80.0,0.1,full,,1.0,2100.5,2104.76,0.02688,2.063e-05,2.1332,0.9852,30,0.0,False,0.0,stage_2_upstream_walk,119.73,17.1,0.00786,0.178,34.36,20.012883,41.486681,0.0616,0.616,4.263,0.609,B,pre_srtm,1,2.165,2410.1,1.0,fully_silted
id_080025,Shahbah,1983,15.0,10.0,90.0,0.1,full,,1.0,2119.0,2129.09,0.01792,0.03886,1.49,0.9621,20,0.0,False,0.0,stage_1_fast_path,149.66,14.97,0.07761,0.1948,5.128,20.033889,41.480833,0.07794,0.7794,10.09,1.009,B,sub_pixel;pre_srtm,2,2.509,2410.1,0.4256,high
id_080026,Al-Aja'idah,2008,8.0,10.0,120.0,0.1519,,,,,,,,,,,,,,,119.77,11.98,0.07175,0.1632,4.906,19.931111,41.547222,,,,,,,,6.915,2370.1,0.3092,high
id_080027,Dhark,2008,12.0,9.0,71.0,0.1114,full,,1.0,1832.5,1839.0,0.05011,0.006228,1.5591,0.9965,56,0.0,True,0.0,stage_2_upstream_walk,119.66,13.3,0.08766,0.2574,232.04,20.188611,41.291111,0.1304,1.171,6.5,0.7222,A,-,0,2.899,2384.2,1.0,fully_silted
id_080028,Am Rijlan,2014,18.0,16.0,80.0,0.118,full,,1.0,2004.5,2015.0,0.02691,0.001313,1.8006,0.9943,30,0.0,True,0.0,stage_2_upstream_walk,149.76,9.36,0.06305,0.1981,12.9,19.847495,41.652887,0.1231,1.043,10.5,0.6562,A,-,0,0.01803,,0.001819,low
id_080029,Al-Marbah,1983,16.0,10.0,133.0,0.12,full,,1.0,1988.0,1994.25,0.01166,0.1694,1.2755,0.9691,13,0.0,False,0.0,stage_1_fast_path,179.72,17.97,0.0296,0.2612,14.43,19.835657,41.672739,0.02893,0.2411,6.247,0.6247,D,sub_pixel;pre_srtm,2,1.738,2370.1,0.6913,severe
id_080030,Al-Kharar,1983,12.0,8.0,84.0,0.15,full,,1.0,1777.0,1784.5,0.04563,0.001272,1.729,0.9844,51,0.0,True,0.0,stage_2_upstream_walk,209.38,26.17,0.05604,0.3111,25.26,20.2173,41.264017,0.1599,1.066,7.5,0.9375,B,pre_srtm,1,1.245,2384.2,0.6935,severe
id_080031,Al-Lahijah,2013,12.0,9.0,98.0,0.1302,full,,1.0,2020.0,2027.0,0.04035,2.849e-05,2.1037,0.9852,45,0.0,True,0.0,stage_2_upstream_walk,269.5,29.94,0.04131,0.1577,21.18,19.917778,41.591944,0.1329,1.021,7.0,0.7778,B,-,0,3.876,2370.1,0.6305,severe
id_080032,Al-Khalah,1976,13.0,7.0,60.0,0.2,full,,1.0,2039.0,2044.78,0.009869,0.00619,1.6408,0.9806,11,0.0,False,0.0,stage_5_relaxed_alignment,119.81,17.12,0.02561,0.2388,4.08,19.826951,41.631173,0.02176,0.1088,5.781,0.8258,D,sub_pixel;pre_srtm,2,11.68,2370.1,0.9164,severe
id_080033,Al-Talqiyah,1981,14.0,9.0,90.0,0.2,full,,1.0,2019.0,2022.56,0.04036,0.0001491,1.8766,0.9484,45,0.0,False,0.0,stage_2_upstream_walk,209.65,23.29,0.01124,0.1471,11.96,19.855219,41.603917,0.07759,0.388,3.557,0.3952,B,pre_srtm,1,1.89,2370.1,0.3912,high
id_080034,Al-Jahafin,1997,10.0,9.0,118.0,0.2,full,,1.0,2028.0,2031.34,0.008971,0.02894,1.4462,0.8995,10,0.0,False,0.0,stage_2_upstream_walk,209.66,23.3,0.07823,0.1888,7.111,19.841417,41.6422,0.01435,0.07177,3.343,0.3715,D,sub_pixel;pre_srtm,2,1.754,2370.1,0.1391,moderate
id_080035,Al-Haliyah,1997,6.0,3.0,162.0,0.23,,,,,,,,,,,,,,,119.82,39.94,0.2804,0.4245,4.08,19.81495,41.620767,,,,,,,,1.979,2370.1,0.07831,low
id_080036,Subihah,1983,14.0,8.0,85.0,0.3,full,,1.0,1915.5,1928.0,0.05633,0.003112,1.6807,0.9952,63,0.0,True,0.0,stage_1_fast_path,149.51,18.69,0.01538,0.2124,28.07,20.3375,41.304,0.3056,1.019,12.5,1.562,A,pre_srtm,1,4.545,2433.3,1.0,fully_silted
id_080037,Al-Dhahin,1999,15.0,12.0,72.0,0.32,full,,1.0,2067.0,2082.0,0.06806,0.01657,1.5159,0.9937,76,0.0,True,0.0,stage_5_relaxed_alignment,239.41,19.95,0.1242,0.2779,22.37,20.075833,41.385278,0.3461,1.082,15.0,1.25,A,pre_srtm,1,1.8,2384.2,0.2613,high
id_080038,Al-Muzlimat,1983,12.0,8.0,120.0,0.4,full,,1.0,1838.0,1845.36,0.06265,7.403e-05,1.9565,0.9854,70,0.0,False,0.0,stage_3_quality_recovery,269.25,33.66,0.05052,0.28,220.24,20.17395,41.316917,0.194,0.485,7.358,0.9198,B,pre_srtm,1,2.958,2384.2,1.0,fully_silted
id_080039,Al-Sadr,1981,24.0,18.0,100.0,0.5,full,,1.0,1931.5,1943.5,0.1495,0.01237,1.4757,0.9963,167,0.0,True,0.0,stage_3_quality_recovery,149.61,8.311,0.0515,0.2747,81.02,20.127,41.3579,0.5468,1.094,12.0,0.6667,A,pre_srtm,1,3.207,2384.2,1.0,fully_silted
id_080040,Al-Mashiraf,2007,7.0,5.0,196.0,0.6,full,,1.0,1570.5,1574.81,0.04207,0.08778,1.2579,0.9982,47,0.0,False,0.0,stage_1_fast_path,149.59,29.92,0.02341,0.1166,50.23,20.234722,41.672778,0.05796,0.09659,4.307,0.8615,C,-,0,4.064,2459.1,0.4973,high
id_080041,Ma'shuqah,2008,13.0,10.0,135.0,0.9057,full,,1.0,1612.5,1623.0,0.2629,0.009117,1.4855,0.9928,294,0.0,True,0.0,stage_3_quality_recovery,179.41,17.94,0.02771,0.2893,178.98,20.363611,41.411667,1.0,1.105,10.5,1.05,A,-,0,7.188,2433.3,1.0,fully_silted
id_080042,Al-Marazawaq,1986,20.0,17.0,300.0,0.75,full,,1.0,1960.5,1975.5,0.1381,0.005307,1.5928,0.9974,154,0.0,True,0.0,stage_1_fast_path,389.26,22.9,0.02128,0.202,6.654,19.932967,41.606883,0.7975,1.063,15.0,0.8824,A,pre_srtm,1,8.036,2370.1,0.2194,moderate
id_080043,Jarab,2009,10.0,7.0,208.0,0.3441,full,,1.0,1355.5,1363.5,0.1655,0.002508,1.5632,0.9968,185,0.0,True,0.0,stage_1_fast_path,299.06,42.72,0.00556,0.05767,91.02,20.418056,41.85,0.3521,1.023,8.0,1.143,A,-,0,2.638,2495.5,0.9125,severe
id_080044,Madhas,1986,16.0,10.0,350.0,1.5,full,,1.0,1751.5,1767.71,0.1557,0.1726,1.26,0.9913,174,0.0,False,0.0,stage_2_upstream_walk,89.73,8.973,0.06873,0.321,278.67,20.222217,41.274233,0.6737,0.4491,16.21,1.621,B,narrow_valley;pre_srtm,2,2.762,2384.2,1.0,fully_silted
id_080045,Bidah,1984,24.0,20.0,150.0,2.0,full,,1.0,1824.5,1846.5,0.2461,0.01173,1.5289,0.9985,275,0.0,True,0.0,stage_1_fast_path,329.07,16.45,0.005282,0.3149,26.45,20.196167,41.401983,2.117,1.059,22.0,1.1,A,pre_srtm,1,9.38,2384.2,0.4008,high
id_080046,Al-Habis,1983,14.0,10.0,40.0,0.01,full,,1.0,2112.0,2114.5,0.009861,0.000164,1.9636,0.9932,11,0.0,True,0.0,stage_5_relaxed_alignment,299.4,29.94,0.06047,0.223,4.076,19.950494,41.540986,0.01165,1.165,2.5,0.25,D,sub_pixel;pre_srtm,2,0.01189,,0.01603,low
id_080047,Dabdab,1983,12.0,10.0,38.0,0.03,,,,,,,,,,,,,,,149.6,14.96,0.04681,0.2363,4.891,20.120633,41.29275,,,,,,,,0.01965,,0.0106,low
id_080048,Al-Milh,1983,17.0,10.0,71.0,0.1,full,,1.0,399.0,407.5,0.02333,7.374e-07,2.5519,0.9795,26,0.0,True,0.0,stage_2_upstream_walk,119.82,11.98,0.006549,0.2676,321.12,19.768875,41.476194,0.1016,1.016,8.5,0.85,B,sub_pixel;pre_srtm,2,8.938,2370.1,1.0,fully_silted
id_080049,Al-Afarah,2002,8.0,5.0,60.0,0.15,,,,,,,,,,,,,,,89.88,17.98,0.06075,0.3583,6.01,19.776038,41.767744,,,,,,,,0.01454,,0.001076,low
id_080050,Athal,2014,16.0,13.0,161.0,0.113,full,,1.0,457.0,464.18,0.0152,0.09558,1.366,0.969,17,0.0,False,0.0,stage_1_fast_path,149.49,11.5,0.04342,0.342,5.469,20.325167,41.057072,0.05051,0.447,7.175,0.552,D,sub_pixel,1,9.242,2413.9,0.4129,high
id_080051,Al-Hadim,2014,16.0,13.0,120.0,0.31,full,,1.0,1723.5,1732.42,0.07782,0.0001315,1.9083,0.9923,87,0.0,False,0.0,stage_2_upstream_walk,179.45,13.8,0.1688,0.2455,17.27,20.288056,41.396111,0.3026,0.976,8.916,0.6859,A,-,0,7.917,2433.3,0.4071,high
id_080052,Al Sarawar,2018,15.0,12.0,164.0,0.0722,full,,1.0,1949.0,1955.92,0.009843,6.753e-05,2.1949,0.9488,11,0.0,False,0.0,stage_1_fast_path,209.39,17.45,0.06673,0.3178,17.33,20.20739,41.332782,0.03758,0.5202,6.915,0.5763,D,sub_pixel,1,0.7574,,0.1119,moderate
id_080053,Shada Nira,2010,15.0,13.0,217.0,0.8844,full,,1.0,469.0,481.47,0.2001,0.0004574,1.7538,0.9972,223,0.0,False,0.0,stage_1_fast_path,209.67,16.13,0.0133,0.3354,94.91,19.758333,41.334444,0.9346,1.057,12.47,0.9595,A,-,0,0.7129,,0.09416,low
id_080054,Al-Madarah,2020,19.0,14.0,74.0,0.1575,full,,1.0,1815.0,1829.86,0.02684,0.1298,1.3637,0.9931,30,0.0,False,0.0,stage_2_upstream_walk,119.65,8.546,0.09058,0.2958,6.633,20.231389,41.39,0.149,0.9458,14.86,1.062,A,-,0,0.4598,,0.008937,low
id_080055,Al-Hamirah (Al-Salasil),2020,14.0,9.0,137.0,0.5312,full,,1.0,226.0,232.11,0.04219,1.497e-06,2.3686,0.9861,47,0.0,False,0.0,stage_2_upstream_walk,179.76,19.97,0.0576,0.2567,83.16,19.647222,41.231111,0.1495,0.2814,6.109,0.6788,C,-,0,2.27,,0.164,moderate
id_080056,Al-Nusabah,2020,13.0,9.0,116.0,0.0803,full,,1.0,720.5,729.5,0.03412,0.003253,1.6376,0.98,38,0.0,True,0.0,stage_2_upstream_walk,149.84,16.65,0.03525,0.2423,12.37,19.623056,41.46,0.08509,1.059,9.0,1.0,B,-,0,0.462,,0.03285,low
id_090000,Al-Juwi'diyah,2010,6.5,3.5,263.0,0.109,full,,1.0,1083.0,1084.11,0.01455,2.378e-46,11.9532,0.9596,17,0.0,False,0.0,stage_1_fast_path,146.29,41.8,0.03178,0.2178,532.36,26.776389,41.638333,0.0137,0.1256,1.115,0.3185,D,sub_pixel;height_noise,2,1.368,2450.7,1.0,fully_silted
id_090001,Aqadah,1976,7.0,4.5,100.0,0.1,full,,1.0,1107.0,1114.5,0.02978,0.0008974,1.8024,0.9906,35,0.0,True,0.0,stage_1_fast_path,116.68,25.93,0.03194,0.279,5.979,27.5325,41.596111,0.1002,1.002,7.5,1.667,A,height_noise;pre_srtm,2,5.222,2413.6,1.0,fully_silted
id_090002,Al-Sahwah,2009,8.0,4.0,220.0,0.1413,full,,1.0,1168.5,1173.17,0.06569,0.00149,1.634,0.9916,77,0.0,False,0.0,stage_1_fast_path,175.24,43.81,0.01053,0.2069,9.729,27.145556,41.176111,0.1173,0.8304,4.665,1.166,A,height_noise,1,2.718,2443.2,0.2447,moderate
id_090003,Al-Sada'iyah,2009,4.0,2.0,308.0,0.1057,full,,1.0,1162.5,1167.07,0.02481,0.0006132,1.7963,0.9725,29,0.0,False,0.0,stage_1_fast_path,380.23,190.11,0.01627,0.1931,6.62,26.827222,41.468889,0.05454,0.5158,4.573,2.287,D,sub_pixel;height_noise,2,3.406,2426.5,0.279,high
id_090004,Al-Ratiq,2003,12.0,9.5,40.0,0.106,,,,,,,,,,,,,,,145.95,15.36,0.008165,0.218,10.78,27.306389,41.2775,,,,,,,,4.834,2432.4,0.8698,severe
id_090005,Taba,2012,6.0,3.5,480.0,0.1544,full,,1.0,1122.0,1127.5,0.08461,0.007917,1.483,0.9983,99,0.0,True,0.0,stage_1_fast_path,350.82,100.23,0.04353,0.2861,6.983,27.018056,42.102222,0.1626,1.053,5.5,1.571,A,height_noise,1,1.966,2437.0,0.09576,low
id_090006,Tawarin,1983,7.0,4.0,75.0,0.12,full,,1.0,1123.5,1127.57,0.04252,0.0002187,1.842,0.9647,50,0.0,False,0.0,stage_1_fast_path,116.65,29.16,0.01565,0.2757,29.98,27.576056,41.44,0.08483,0.7069,4.069,1.017,B,height_noise;pre_srtm,2,4.311,2423.7,1.0,fully_silted
id_090007,Al-Jahifah,2007,6.0,3.5,280.0,0.4932,full,,1.0,1081.5,1086.76,0.05893,0.001719,1.6461,0.9955,69,0.0,False,0.0,stage_2_upstream_walk,116.89,33.4,0.08477,0.2511,9.812,27.106944,42.168333,0.1268,0.2571,5.261,1.503,C,height_noise,1,4.892,2425.8,0.1422,moderate
id_090008,Al-Mudih,2008,5.0,3.0,340.0,0.1077,,,,,,,,,,,,,,,146.26,48.75,0.006064,0.1077,7.034,26.883889,42.041111,,,,,,,,4.322,2437.0,0.3908,high
id_090009,Fayd,2011,7.0,4.5,559.0,0.1675,full,,1.0,928.0,930.6,0.0239,0.0001372,1.9037,0.9409,28,0.0,False,0.0,stage_1_fast_path,321.39,71.42,0.03462,0.05174,5.299,27.108333,42.474444,0.03415,0.2039,2.604,0.5786,C,sub_pixel;height_noise,2,1.42,2421.1,0.05183,low
id_090010,Aqalat Bin Jabrin,2011,7.0,4.0,361.0,0.7146,full,,1.0,1195.0,1200.5,0.4166,0.007805,1.4208,0.9996,488,0.0,True,0.0,stage_3_quality_recovery,204.52,51.13,0.002591,0.06504,50.96,27.076944,41.275556,0.7572,1.06,5.5,1.375,A,height_noise,1,1.11,2432.4,0.09134,low
id_090011,Al-Salaf,1976,7.0,2.5,220.0,0.15,full,,1.0,1140.5,1147.0,0.07408,0.047,1.3457,0.9934,87,0.0,True,0.0,stage_1_fast_path,145.9,58.36,0.0009369,0.2528,57.8,27.428694,41.520639,0.1718,1.145,6.5,2.6,D,height_noise;pre_srtm,2,3.311,2413.6,1.0,fully_silted
id_090012,Al-Raqab,2013,5.0,2.5,450.0,0.1598,full,,1.0,985.5,995.0,0.06036,0.114,1.2871,0.9892,70,0.0,True,0.0,stage_2_upstream_walk,146.83,58.73,0.002227,0.09034,1161.04,25.712162,41.075278,0.1746,1.093,9.5,3.8,D,height_noise,1,0.9812,2490.8,1.0,fully_silted
id_090013,Saqiyat Fayd,1984,5.0,3.0,400.0,0.18,full,,1.0,898.0,905.0,0.2065,1.307,0.9909,0.9984,242,0.0,True,0.0,stage_1_fast_path,438.21,146.07,0.004893,0.04639,580.41,27.144722,42.454444,0.2398,1.332,7.0,2.333,A,height_noise;pre_srtm,2,1.453,2418.5,1.0,fully_silted
id_090015,Nuqbayn,1983,7.5,5.0,200.0,0.23,full,,1.0,1036.0,1046.0,0.09439,0.3085,1.1828,0.9935,111,0.0,True,0.0,stage_3_quality_recovery,116.64,23.33,0.02136,0.287,17.05,27.620833,41.614028,0.2406,1.046,10.0,2.0,A,pre_srtm,1,6.478,2412.7,1.0,fully_silted
id_090016,Al-Sir,1982,12.5,8.0,65.0,0.25,full,,1.0,1174.0,1189.0,0.04941,0.2924,1.2655,0.985,58,0.0,True,0.0,stage_3_quality_recovery,116.74,14.59,0.01991,0.2516,7.22,27.371783,41.4362,0.253,1.012,15.0,1.875,B,pre_srtm,1,3.97,2429.8,0.3881,high
id_090017,Ghamrah,2003,6.0,3.5,350.0,0.25,full,,1.0,1015.0,1018.84,0.05229,8.64e-06,2.1197,0.9898,61,0.0,False,0.0,stage_2_upstream_walk,175.67,50.19,0.003165,0.0367,21.62,26.591667,42.311667,0.09044,0.3618,3.837,1.096,B,height_noise,1,2.278,2451.8,0.3485,high
id_090018,Samirahh,2010,5.5,3.5,810.0,0.7872,full,,1.0,985.0,991.5,0.5282,0.06839,1.2413,0.9996,616,0.0,True,0.0,stage_1_fast_path,878.48,250.99,0.001561,0.03802,126.99,26.580278,42.181111,0.8731,1.109,6.5,1.857,A,height_noise,1,0.7269,2456.1,0.1443,moderate
id_090019,Al-Radafin,2002,8.0,4.0,245.0,0.3,full,,1.0,1148.5,1158.13,0.04517,1.641,1.0371,0.9767,53,0.0,False,0.0,stage_2_upstream_walk,175.17,43.79,0.05942,0.227,19.54,27.2675,41.228611,0.1189,0.3963,9.632,2.408,B,height_noise,1,4.381,2432.4,0.5268,severe
id_090020,Al-Hawidah,1983,6.0,3.0,250.0,0.36,full,,1.0,1212.5,1217.5,0.2476,0.009782,1.4115,0.9996,290,0.0,True,0.0,stage_1_fast_path,262.97,87.66,0.006061,0.05769,15.03,27.072567,41.3408,0.4038,1.122,5.0,1.667,A,height_noise;pre_srtm,2,1.213,2432.4,0.1675,moderate
id_090021,Al-Shinan,2007,9.0,5.5,220.0,0.4466,full,,1.0,995.0,1000.5,0.2637,0.0001867,1.7385,0.9983,309,0.0,True,0.0,stage_1_fast_path,292.15,53.12,0.02378,0.1222,63.38,27.147317,42.344858,0.5068,1.135,5.5,1.0,A,-,0,3.094,2418.5,0.6417,severe
id_090022,Al-Bar,1981,7.0,6.5,90.0,0.5,full,,1.0,1125.5,1135.5,0.2189,0.009632,1.446,0.9934,257,0.0,True,0.0,stage_1_fast_path,116.74,17.96,0.01617,0.222,5.88,27.387,41.500314,0.5388,1.078,10.0,1.538,A,pre_srtm,1,5.049,2413.6,0.2055,moderate
id_090023,Al-Halifah,2012,6.0,3.5,500.0,2.7687,full,,1.0,975.0,986.0,1.54,0.04204,1.2735,0.9992,1789,0.0,True,0.0,stage_2_upstream_walk,645.45,184.41,0.003235,0.04488,3431.57,25.917556,40.759946,3.242,1.171,11.0,3.143,D,height_noise,1,0.7017,2487.5,0.9366,severe
id_090024,Al-Sab'an,2010,7.0,4.5,218.0,0.6304,full,,1.0,1039.5,1048.5,0.3214,0.1377,1.2148,0.9996,376,0.0,True,0.0,stage_3_quality_recovery,233.91,51.98,0.01752,0.1513,96.4,26.995,41.943333,0.6796,1.078,9.0,2.0,A,height_noise,1,0.9997,2431.1,0.1882,moderate
id_090025,Saqf,2009,7.0,4.0,127.0,0.6,full,,1.0,1140.5,1149.0,0.2375,0.02342,1.3819,0.9991,278,0.0,True,0.0,stage_2_upstream_walk,146.14,36.53,0.01501,0.1119,92.19,26.960556,41.084167,0.6338,1.056,8.5,2.125,A,height_noise,1,1.38,2442.3,0.2773,high
id_090026,Watadah,2010,6.0,3.5,366.0,0.6499,full,,1.0,882.5,889.5,0.4436,0.02157,1.3343,0.998,516,0.0,True,0.0,stage_1_fast_path,351.83,100.52,0.003356,0.08589,42.06,26.271415,42.086535,0.7522,1.157,7.0,2.0,A,height_noise,1,0.5765,2501.0,0.04592,low
id_090027,Al-Salimah,1989,6.0,3.5,800.0,1.0,full,,1.0,976.0,982.69,0.2508,0.001744,1.5605,0.9816,292,0.0,False,0.0,stage_1_fast_path,293.05,83.73,0.006964,0.0716,97.63,26.30225,41.349267,0.5204,0.5204,6.69,1.911,B,height_noise;pre_srtm,2,1.121,2476.0,0.3115,high
id_090028,Dalihan,2008,5.5,3.0,170.0,1.0,full,,1.0,990.5,995.28,0.1832,3.155e-05,1.905,0.9968,215,0.0,False,0.0,stage_1_fast_path,321.09,107.03,0.006692,0.1494,85.61,27.278333,40.991389,0.3423,0.3423,4.776,1.592,B,height_noise,1,1.538,2443.2,0.1823,moderate
id_090029,Bazakhah,2008,5.5,3.0,513.0,0.3494,full,,1.0,1155.0,1161.5,0.2524,0.08532,1.2445,0.9995,296,0.0,True,0.0,stage_1_fast_path,496.4,165.47,0.01131,0.07057,171.67,27.243333,41.406111,0.4468,1.279,6.5,2.167,A,height_noise,1,0.9209,2432.4,0.6265,severe
id_090031,Al-Shaqiq,2009,6.5,4.0,310.0,2.0,,,,,,,,,,,,,,,292.03,73.01,0.01128,0.1849,530.8,27.1525,40.948333,,,,,,,,1.983,2448.9,0.6882,severe
id_090032,Al-Wasitah,1989,15.0,10.5,600.0,2.5,full,,1.0,998.0,1009.5,1.097,0.1499,1.2085,0.9996,1281,0.0,True,0.0,stage_1_fast_path,702.17,66.87,0.007379,0.1599,681.66,26.793333,41.733889,2.958,1.183,11.5,1.095,A,pre_srtm,1,1.001,2448.5,0.7768,severe
id_090033,Al-Ha'it,2008,12.0,9.5,150.0,3.0,full,,1.0,1034.0,1046.32,0.2331,0.005415,1.5471,0.9976,271,0.0,False,0.0,stage_3_quality_recovery,234.64,24.7,0.001556,0.04782,426.02,25.963333,40.471111,1.141,0.3804,12.32,1.297,B,-,0,0.5599,2484.2,0.1101,moderate
id_090034,Al-Dabiyah,2012,9.0,6.0,195.0,1.1917,full,,1.0,1044.5,1052.5,0.6264,0.1011,1.2205,0.9996,727,0.0,True,0.0,stage_2_upstream_walk,293.54,48.92,0.001266,0.04837,689.42,25.7525,40.572778,1.213,1.018,8.0,1.333,A,-,0,0.7182,2488.7,0.4475,high
id_090035,Wasmiya,1983,6.0,4.5,180.0,0.1,full,,1.0,1110.5,1113.42,0.01021,0.0207,1.4504,0.909,12,0.0,False,0.0,stage_2_upstream_walk,175.04,38.9,0.01207,0.31,12.85,27.508917,41.579722,0.01596,0.1596,2.921,0.649,D,sub_pixel;height_noise;pre_srtm,3,5.269,2413.6,1.0,fully_silted
id_090036,Al-Na'ih,1983,5.5,4.5,110.0,0.16,full,,1.0,1036.0,1042.66,0.03755,0.0003752,1.8506,0.9824,44,0.0,False,0.0,stage_1_fast_path,87.64,19.48,0.01906,0.1689,4.584,27.1775,42.275278,0.1201,0.7507,6.659,1.48,B,narrow_valley;height_noise;pre_srtm,3,5.045,2418.5,0.4781,high
id_090037,Al-Adirah,2013,8.0,4.5,611.0,0.5509,full,,1.0,1048.0,1054.0,0.4695,0.03424,1.2824,0.9997,551,0.0,True,0.0,stage_1_fast_path,321.08,71.35,0.001823,0.05158,648.59,27.366389,41.585,0.6452,1.171,6.0,1.333,A,height_noise,1,0.6898,2413.6,0.8121,severe
id_090038,Al-Rawdah,1989,15.0,10.5,300.0,1.5,full,,1.0,1077.5,1090.0,0.4355,0.006361,1.4872,0.9996,509,0.0,True,0.0,stage_1_fast_path,263.26,25.07,0.01878,0.3082,65.15,26.821667,41.6025,1.56,1.04,12.5,1.19,A,pre_srtm,1,3.267,2426.5,0.4039,high
id_090039,Al-Ghazalah,2008,4.5,2.0,620.0,0.12,full,,1.0,1124.0,1131.0,0.1001,0.1837,1.1876,0.9951,117,0.0,True,0.0,stage_1_fast_path,146.25,73.12,0.01486,0.1057,18.46,26.796638,41.352678,0.1566,1.305,7.0,3.5,D,height_noise,1,1.704,2455.8,0.363,high
id_090040,Al-Rawd Bin Hadi,2012,5.5,3.0,1477.0,2.0,full,,1.0,1011.0,1021.5,1.051,0.06187,1.2616,0.9993,1224,0.0,True,0.0,stage_1_fast_path,556.81,185.6,0.02213,0.07427,885.5,26.189786,40.502343,2.484,1.242,10.5,3.5,D,height_noise,1,0.7185,2474.8,0.3426,high
id_090041,Aqadh Al-Tad'imi,2013,8.5,6.0,129.0,0.0812,full,,1.0,1114.0,1127.5,0.01447,0.001279,1.8959,0.9705,17,0.0,True,0.0,stage_2_upstream_walk,116.69,19.45,0.001221,0.2982,14.24,27.516111,41.58,0.08765,1.079,13.5,2.25,D,sub_pixel,1,0.3052,,0.05352,low
id_090042,Mashar,2013,7.0,4.5,356.0,0.1161,full,,1.0,1096.0,1098.68,0.01616,3.595e-10,3.3006,0.9648,19,0.0,False,0.0,stage_1_fast_path,145.84,32.41,0.05546,0.3235,6.23,27.559736,41.60625,0.02935,0.2528,2.685,0.5966,D,sub_pixel;height_noise,2,8.014,2413.6,0.43,high
id_090043,Aba Adi,2009,8.5,6.0,153.0,0.0984,full,,1.0,1095.5,1101.59,0.01106,0.006467,1.6603,0.9723,13,0.0,False,0.0,stage_1_fast_path,87.5,14.58,0.04034,0.3081,7.096,27.570833,41.603333,0.037,0.3759,6.092,1.015,D,sub_pixel;narrow_valley,2,0.186,,0.01754,low
id_090044,Qarih,2013,17.0,14.5,172.0,0.2164,full,,1.0,1098.0,1108.8,0.02383,0.0001482,2.0407,0.9867,28,0.0,False,0.0,stage_1_fast_path,145.87,10.06,0.02363,0.3165,6.523,27.501667,41.598889,0.1379,0.6372,10.8,0.7447,B,sub_pixel,1,5.371,2413.6,0.1619,moderate
id_090045,Al-Sir Al-Tad'imi,2013,7.0,4.5,605.0,0.7465,full,,1.0,1140.5,1151.5,0.2564,0.03648,1.353,0.9984,301,0.0,True,0.0,stage_1_fast_path,583.73,129.72,0.07019,0.2091,21.42,27.369167,41.463611,0.7765,1.04,11.0,2.444,A,height_noise,1,3.563,2413.6,0.1022,moderate
id_100000,Al-Kharar,2008,10.0,6.0,367.0,0.1676,full,,1.0,599.5,607.5,0.06269,0.001526,1.6855,0.9963,73,0.0,True,0.0,stage_1_fast_path,410.28,68.38,0.02234,0.2122,148.4,26.2025,37.376667,0.1881,1.123,8.0,1.333,A,-,0,3.459,2508.0,1.0,fully_silted
id_100001,Rahib,2009,8.5,5.5,230.0,0.1023,full,,1.0,1602.0,1609.0,0.04255,0.0361,1.3981,0.9923,50,0.0,True,0.0,stage_1_fast_path,291.7,53.04,0.03016,0.1253,23.64,27.475556,36.798333,0.1042,1.019,7.0,1.273,A,-,0,3.577,2409.9,1.0,fully_silted
id_100002,Abu Al-Qazaz,2009,7.0,4.0,360.0,0.4239,full,,1.0,241.5,246.5,0.2712,0.0001894,1.7214,0.9941,317,0.0,True,0.0,stage_1_fast_path,321.74,80.44,0.01913,0.183,1267.97,26.784167,36.7675,0.4408,1.04,5.0,1.25,A,height_noise,1,1.217,2512.5,1.0,fully_silted
id_100003,Al-Zarib,2008,7.0,4.0,200.0,0.5,full,,1.0,98.0,105.5,0.2972,0.0667,1.2687,0.9995,346,0.0,True,0.0,stage_3_quality_recovery,117.23,29.31,0.0004623,0.09176,125.53,26.284722,36.584167,0.5867,1.173,7.5,1.875,A,height_noise,1,0.5017,2453.6,0.1744,moderate
id_100004,Shawaq,2006,7.0,4.0,600.0,0.8,full,,1.0,697.5,703.16,0.1762,4.225e-06,2.1016,0.9936,207,0.0,False,0.0,stage_1_fast_path,525.11,131.28,0.04864,0.192,145.37,27.48,36.610278,0.4742,0.5928,5.66,1.415,A,height_noise,1,5.064,2468.3,1.0,fully_silted
id_100005,Aynawanah,2008,7.5,5.0,168.0,0.7,full,,1.0,212.5,221.08,0.1184,0.001033,1.6676,0.984,140,0.0,False,0.0,stage_1_fast_path,232.7,46.54,0.003409,0.193,446.37,28.211111,35.3275,0.3317,0.4738,8.58,1.716,B,-,0,1.694,2496.8,1.0,fully_silted
id_100006,Damah,2013,11.0,8.5,356.0,0.935,full,,1.0,436.0,451.0,0.2223,0.0004409,1.7467,0.9968,261,0.0,True,0.0,stage_3_quality_recovery,437.81,51.51,0.03211,0.1703,581.25,27.3778,36.442937,0.9733,1.041,15.0,1.765,A,-,0,3.575,2468.3,1.0,fully_silted
id_100008,Samin,2007,6.0,3.0,278.0,0.177,full,,1.0,173.5,188.25,0.01818,0.06511,1.4716,0.9871,21,0.0,False,0.0,stage_2_upstream_walk,264.81,88.27,0.009683,0.1468,45.08,25.112778,37.419167,0.1177,0.6652,14.75,4.916,D,sub_pixel;height_noise,2,1.665,2508.9,0.6198,severe
id_100009,Al-Nabi',2008,15.0,12.0,165.0,1.0,full,,1.0,426.0,438.42,0.1758,7.093e-05,1.9214,0.9965,205,0.0,False,0.0,stage_1_fast_path,175.71,14.64,0.03453,0.3129,127.8,26.418333,37.085,0.8765,0.8765,12.42,1.035,A,-,0,3.164,2504.6,0.5599,severe
id_100010,Al-Kar,2013,10.8,8.0,395.0,1.0034,full,,1.0,411.5,418.0,0.4547,0.0003061,1.6856,0.9976,531,0.0,True,0.0,stage_2_upstream_walk,819.34,102.42,0.03388,0.1761,389.59,26.643056,36.955833,1.077,1.073,6.5,0.8125,A,-,0,2.067,2500.4,0.8026,severe
id_100011,'Afal,2007,12.0,7.0,395.0,2.0,full,,1.0,728.0,739.92,0.3364,0.01357,1.4481,0.9988,400,0.0,False,0.0,stage_1_fast_path,347.98,49.71,0.003224,0.2443,1816.72,28.941389,35.18,1.394,0.697,11.92,1.703,A,-,0,1.75,2323.1,1.0,fully_silted
id_100012,Shaghab,2013,10.5,7.5,561.0,1.7434,full,,1.0,421.5,429.51,0.306,2.4e-06,2.118,0.9897,359,0.0,False,0.0,stage_3_quality_recovery,408.74,54.5,0.004826,0.2279,419.87,27.293333,36.4975,1.112,0.6376,8.007,1.068,B,-,0,3.297,2504.5,0.794,severe
id_100013,Al-Balitih,2010,13.0,10.0,175.0,0.6,full,,1.0,1224.5,1236.5,0.133,0.005116,1.5783,0.9975,156,0.0,True,0.0,stage_3_quality_recovery,175.2,17.52,0.01025,0.1569,67.95,27.211776,36.861579,0.6062,1.01,12.0,1.2,A,-,0,1.775,2448.7,0.2474,moderate
id_100014,Al-Fari'ah,2009,12.5,9.5,1200.0,4.643,full,,1.0,1117.0,1129.5,1.647,0.114,1.2271,0.9997,1931,0.0,True,0.0,stage_1_fast_path,846.82,89.14,0.005409,0.151,1295.14,27.178889,37.035,4.91,1.058,12.5,1.316,A,-,0,1.455,2409.6,0.5307,severe
id_100015,Wadi Al-Najad,2013,10.0,7.0,1033.0,1.0478,full,,1.0,523.5,535.5,0.2574,0.005345,1.5343,0.9963,301,0.0,True,0.0,stage_1_fast_path,584.83,83.55,0.01408,0.2241,397.65,26.818056,37.023889,1.097,1.047,12.0,1.714,A,-,0,1.75,2468.6,0.6641,severe
id_100016,Tala' Al-Shamali,2019,7.0,4.5,611.5,0.777,full,,1.0,788.0,796.0,0.3349,0.03721,1.3273,0.998,396,0.0,True,0.0,stage_3_quality_recovery,668.9,148.64,0.001812,0.0514,23.82,28.262068,36.571371,0.7828,1.007,8.0,1.778,A,height_noise,1,8.999,2426.2,0.1485,moderate
id_100017,Salim Al-Awasat,2018,6.5,4.0,617.0,0.4582,full,,1.0,803.0,808.5,0.2546,0.001326,1.5797,0.9972,301,0.0,True,0.0,stage_5_relaxed_alignment,756.2,189.05,0.001687,0.04892,9.381,28.242222,36.598333,0.4697,1.025,5.5,1.375,A,height_noise,1,5.531,2426.2,0.06969,low
id_100018,Dahkan,2012,18.0,15.0,255.0,1.2,full,,1.0,99.0,112.5,0.2428,0.0001813,1.8346,0.9962,285,0.0,True,0.0,stage_1_fast_path,204.31,13.62,0.008814,0.1601,86.63,27.413889,35.760556,1.303,1.086,13.5,0.9,A,-,0,1.546,2470.1,0.1202,moderate
id_100019,Damh,2012,10.0,7.0,465.0,2.5,full,,1.0,845.5,863.5,0.6282,0.09195,1.2802,0.9982,744,0.0,True,0.0,stage_1_fast_path,406.8,58.11,0.003705,0.1776,3082.08,28.568056,36.000556,2.513,1.005,18.0,2.571,A,-,0,1.024,2387.3,1.0,fully_silted
id_100020,Dab'an,2019,7.0,4.5,518.0,0.9575,full,,1.0,817.0,824.5,0.5212,0.008457,1.4252,0.9995,616,0.0,True,0.0,stage_2_upstream_walk,2617.87,581.75,0.02042,0.06154,44.29,28.213611,36.626944,1.201,1.254,7.5,1.667,A,height_noise,1,9.371,2426.2,0.2334,moderate
id_100021,Tila' Al-Janawabi,2015,6.0,4.5,482.0,0.4225,full,,1.0,839.0,847.5,0.2031,0.2196,1.1871,0.9968,240,0.0,True,0.0,stage_1_fast_path,698.17,155.15,0.01985,0.08458,11.08,28.18582,36.651087,0.4515,1.069,8.5,1.889,A,height_noise,1,2.211,2426.2,0.04906,low
id_100022,Al-Baqar,2024,15.0,12.0,286.0,1.8,full,,1.0,991.0,1003.24,0.4152,0.0001974,1.7681,0.9946,490,0.0,False,0.0,stage_1_fast_path,436.65,36.39,0.01114,0.1811,226.89,28.036641,36.510231,1.844,1.025,12.24,1.02,A,-,0,2.368,2426.2,0.04592,low
id_100024,Na'am,2022,10.0,9.5,510.0,1.5,full,,1.0,879.5,891.0,0.4267,0.004376,1.5159,0.9979,504,0.0,True,0.0,stage_1_fast_path,640.11,67.38,0.01423,0.1182,80.82,28.132222,36.688889,1.519,1.013,11.5,1.211,A,-,0,2.121,2433.0,0.03516,low
id_100025,Al-Mawilah (Al-Sir),2021,15.0,11.0,168.5,1.593,full,,1.0,72.5,88.66,0.1955,0.0002108,1.8284,0.9923,230,0.0,False,0.0,stage_3_quality_recovery,116.61,10.6,0.02152,0.2031,520.18,27.67457,35.567308,1.077,0.6761,16.16,1.469,A,-,0,2.884,2445.4,0.3622,high
id_110000,Al-Ma'tadal (Al-Tamariyah),2009,4.5,3.0,510.0,0.574,full,,1.0,725.5,736.0,0.3027,0.6547,1.0867,0.9972,365,0.0,True,0.0,stage_2_upstream_walk,547.14,182.38,0.00939,0.05743,160.54,30.519167,40.3425,0.5991,1.044,10.5,3.5,D,height_noise,1,0.5836,2326.9,0.2134,moderate
id_110001,Zalawam,2009,4.5,3.0,256.0,1.2,full,,1.0,620.5,625.23,0.3443,0.002934,1.4937,0.9844,414,0.0,False,0.0,stage_2_upstream_walk,259.54,86.51,0.004448,0.04784,198.05,30.183917,40.256692,0.595,0.4958,4.728,1.576,B,height_noise,1,0.7497,2346.4,0.1618,moderate
id_110002,Al-Ay'ali,2009,6.5,5.0,425.0,1.2,full,,1.0,594.0,601.0,0.7522,0.00299,1.4779,0.9994,908,0.0,True,0.0,stage_3_quality_recovery,374.17,74.83,0.006031,0.03784,3630.26,30.592668,38.633672,1.465,1.221,7.0,1.4,A,-,0,0.3,2330.5,1.0,fully_silted
id_110004,Al-Shawihitiyah,2009,5.5,3.0,310.0,2.3,full,,1.0,673.5,680.28,0.2774,0.01943,1.3763,0.9982,334,0.0,False,0.0,stage_2_upstream_walk,288.19,96.06,0.002622,0.03857,2110.36,30.325442,40.187523,0.6171,0.2683,6.785,2.262,C,height_noise,1,0.2287,2346.7,0.2744,high
id_110005,Al-Nakhalah,2010,6.8,4.5,180.0,0.6,full,,1.0,535.0,540.0,0.4097,0.05505,1.2585,0.9963,497,0.0,True,0.0,stage_3_quality_recovery,258.41,57.42,0.003602,0.02961,90.58,31.215833,37.371111,0.6218,1.036,5.0,1.111,A,height_noise,1,2.595,2265.5,0.4822,high
id_110006,Bair,1999,6.0,4.5,375.0,1.25,full,,1.0,540.5,546.35,0.5377,0.03007,1.311,0.9963,652,0.0,False,0.0,stage_1_fast_path,488.21,108.49,0.003494,0.02768,2632.82,31.161667,37.481944,1.008,0.8062,5.854,1.301,A,height_noise;pre_srtm,2,0.09675,2271.0,0.4232,high
id_110007,Hasidah Al-Gharbiyah,2001,7.5,6.0,450.0,1.3,full,,1.0,511.5,520.5,0.3588,3.69e-06,2.0774,0.9973,436,0.0,True,573.75,stage_5_relaxed_alignment,602.44,100.41,0.003223,0.03363,1078.01,31.423056,37.247222,1.32,1.015,9.0,1.5,A,-,0,0.1462,2256.9,0.2331,moderate
id_110008,Sarmadah,2007,3.3,2.0,420.0,2.2846,full,,1.0,532.5,541.23,0.3806,0.01555,1.3857,0.996,461,0.0,False,0.0,stage_2_upstream_walk,114.93,57.46,0.001163,0.04724,1485.22,31.039021,37.612829,0.8864,0.388,8.729,4.364,D,height_noise,1,0.1751,2278.8,0.1664,moderate
id_110009,Hasidah Al-Sharqiyah,1999,6.5,5.0,775.0,2.6,full,,1.0,528.0,535.0,1.307,0.004001,1.4535,0.9996,1586,0.0,False,0.0,stage_2_upstream_walk,1636.41,327.28,0.006768,0.02821,308.12,31.244167,37.353333,3.114,1.198,7.0,1.4,A,pre_srtm,1,2.233,2265.5,0.5496,severe
id_110010,Al-Marir,2019,14.0,12.0,153.0,1.1943,full,,1.0,693.0,705.5,0.2872,0.005382,1.5333,0.9986,345,0.0,True,0.0,stage_3_quality_recovery,173.11,14.43,0.01043,0.04323,94.49,30.047558,39.928641,1.23,1.03,12.5,1.042,A,-,0,11.32,2350.6,0.4823,high
id_120000,Baish,2009,73.0,61.0,340.0,193.644,full,,1.0,257.5,328.0,8.132,0.007666,1.5062,0.9996,8960,0.0,True,0.0,stage_3_quality_recovery,361.51,5.926,0.004898,0.2725,4755.84,17.665556,42.6575,197.18,1.018,70.5,1.156,A,-,0,7.505,2414.5,0.241,moderate
id_120002,Jazan,1970,39.7,31.5,316.0,54.2,partial,155.01,0.7029,151.0,164.5,11.2,7.956e-05,1.6784,0.998,12303,0.0,True,0.0,stage_1_fast_path,543.02,17.24,0.007431,0.08651,1412.93,17.048889,42.957222,54.41,1.004,13.5,0.4286,A,pre_srtm,1,6.403,2415.0,0.719,severe
id_120003,Damad,2009,42.0,35.0,610.0,55.5,full,,1.0,222.5,259.5,6.144,0.1518,1.2632,0.9998,6756,0.0,True,0.0,stage_5_relaxed_alignment,814.21,23.26,0.009943,0.08962,899.6,17.198611,42.988056,56.97,1.026,37.0,1.057,A,-,0,4.684,2356.5,0.09928,low
id_120005,Qasi,2018,25.0,22.5,1044.0,15.1,,,,,,,,,,,,,,,2472.99,109.91,0.006362,0.04504,267.34,17.19179,42.878304,,,,,,,,9.043,2396.7,0.09852,low
id_120006,Shab Maghawarah,2008,16.0,13.0,92.5,0.098,full,,1.0,880.0,891.0,0.02362,0.002427,1.7432,0.9893,26,0.0,True,0.0,stage_5_relaxed_alignment,301.42,23.19,0.008428,0.3854,8.614,17.332222,43.255278,0.1074,1.096,11.0,0.8462,B,sub_pixel,1,6.001,,0.7304,severe
id_120007,Lajab (Bashimah),2009,7.0,5.0,170.0,0.0234,full,,1.0,973.5,976.87,0.009984,2.608e-11,3.7294,0.9395,11,0.0,False,0.0,stage_5_relaxed_alignment,210.89,42.18,0.07645,0.3162,9.735,17.573889,42.975833,0.02178,0.9304,3.369,0.6738,D,sub_pixel,1,1.052,,0.5723,severe
id_120008,Al-Madirah,2008,14.0,11.0,103.0,0.157,full,,1.0,827.5,836.83,0.04907,0.01813,1.4857,0.9933,54,0.0,False,0.0,stage_1_fast_path,180.86,16.44,0.008895,0.3583,34.25,17.306389,43.262222,0.1779,1.133,9.334,0.8486,A,-,0,2.52,2337.2,0.7612,severe
id_120009,Amud,2012,13.5,10.0,178.0,0.085,full,,1.0,952.0,960.0,0.03631,0.0826,1.3318,0.9887,40,0.0,True,0.0,stage_3_quality_recovery,180.77,18.08,0.1183,0.2809,89.47,17.5525,43.011389,0.1008,1.186,8.0,0.8,B,-,0,1.392,,1.0,fully_silted
id_120010,Al-Raith,1999,13.0,10.0,85.0,0.18,full,,1.0,760.5,769.05,0.01997,1.185,1.0835,0.9367,22,0.0,False,0.0,stage_1_fast_path,120.51,12.05,0.07321,0.3354,29.36,17.614971,42.826909,0.06172,0.3429,8.553,0.8553,B,sub_pixel;pre_srtm,2,6.319,2386.3,1.0,fully_silted
id_120011,Qurah,2010,26.0,23.0,199.82,0.986,full,,1.0,274.0,291.5,0.2016,0.2048,1.2621,0.9944,222,0.0,True,0.0,stage_1_fast_path,391.78,17.03,0.04705,0.1752,79.32,17.511111,42.728889,1.056,1.071,17.5,0.7609,A,-,0,5.563,2386.3,0.5508,severe
id_120012,Wasah,2009,25.0,22.0,132.0,1.5,full,,1.0,269.5,288.5,0.2135,0.001764,1.6794,0.9984,235,0.0,True,0.0,stage_2_upstream_walk,211.0,9.591,0.02106,0.1054,45.44,17.402222,42.831111,1.573,1.049,19.0,0.8636,A,-,0,10.4,2396.7,0.412,high
id_120013,Wa'al,2009,16.0,14.0,197.0,1.0168,full,,1.0,260.5,272.0,0.2707,0.025,1.4092,0.9945,298,0.0,True,0.0,stage_1_fast_path,180.82,12.92,0.02231,0.1797,56.8,17.496944,42.746667,1.078,1.06,11.5,0.8214,A,-,0,5.185,2386.3,0.3788,high
id_120014,Shahdan,2017,40.0,35.0,689.0,2.5,,,,,,,,,,,,,,,12056.33,344.47,0.006041,0.05814,100.15,17.454776,42.736093,,,,,,,,3.742,,0.1038,moderate
id_120015,Am Khabarah,1997,10.0,8.5,70.0,0.15,full,,1.0,172.0,175.54,0.01732,0.0002272,1.9011,0.9483,19,0.0,False,0.0,stage_5_relaxed_alignment,513.24,60.38,0.02392,0.07393,355.42,16.704156,43.139789,0.03076,0.2051,3.544,0.417,D,sub_pixel;pre_srtm,2,1.596,2410.2,1.0,fully_silted
id_130000,Najran,1979,60.0,45.0,274.0,86.0,full,,1.0,1367.5,1409.0,6.613,0.008418,1.4671,0.9995,7286,0.0,True,0.0,stage_1_fast_path,241.02,5.356,0.1464,0.3572,4565.55,17.408056,44.014167,86.2,1.002,41.5,0.9222,A,pre_srtm,1,4.763,2517.3,0.9142,severe
id_130002,Aratad,2009,8.0,6.0,140.0,0.0797,full,,1.0,1917.0,1921.43,0.01808,0.0006134,1.8098,0.977,20,0.0,False,0.0,stage_1_fast_path,180.38,30.06,0.04324,0.2108,6.769,18.226944,43.8275,0.03209,0.4026,4.432,0.7386,B,sub_pixel,1,0.1583,,0.01758,low
id_130003,Yasan,2011,15.0,12.0,97.0,0.2334,full,,1.0,1507.5,1527.0,0.03076,0.009203,1.6558,0.9884,34,0.0,True,0.0,stage_3_quality_recovery,120.31,10.03,0.05211,0.3169,412.83,18.0475,43.960833,0.2483,1.064,19.5,1.625,B,-,0,3.064,2511.3,1.0,fully_silted
id_130004,Al-Salamah,2010,10.0,6.0,120.0,0.5,full,,1.0,1702.0,1717.38,0.05339,0.002756,1.704,0.994,59,0.0,False,0.0,stage_3_quality_recovery,120.33,20.06,0.0008641,0.2444,16.36,17.984722,43.8675,0.319,0.638,15.38,2.564,A,-,0,6.77,2511.3,0.2726,high
id_130005,Al-Bayadh,2009,10.0,7.0,235.0,0.243,full,,1.0,1692.0,1698.85,0.09756,7.798e-05,1.9156,0.996,108,0.0,False,0.0,stage_1_fast_path,240.44,34.35,0.01561,0.2043,7.83,18.330917,43.919107,0.29,1.193,6.846,0.978,A,-,0,3.954,2537.9,0.1666,moderate
id_130006,Al-Maghawi,2016,13.0,10.0,73.0,0.2083,full,,1.0,1849.5,1858.5,0.05602,0.01463,1.5156,0.968,62,0.0,True,0.0,stage_3_quality_recovery,120.24,12.02,0.002662,0.1929,25.55,18.274675,43.847868,0.2171,1.042,9.0,0.9,B,-,0,3.644,2537.9,0.3438,high
id_130007,Makish,2011,11.0,8.0,175.0,0.288,full,,1.0,1208.0,1211.97,0.01356,0.00701,1.5658,0.9413,15,0.0,False,0.0,stage_1_fast_path,150.31,18.79,0.01038,0.1214,86.04,18.20774,44.458188,0.02372,0.08237,3.965,0.4956,D,sub_pixel,1,1.113,2600.6,0.3837,high
id_130008,Khadiran,2010,13.0,10.0,112.0,1.0,full,,1.0,1701.5,1713.88,0.1366,0.02421,1.449,0.989,151,0.0,False,0.0,stage_1_fast_path,180.49,18.05,0.002449,0.2401,128.14,18.000556,43.861389,0.6941,0.6941,12.38,1.238,B,-,0,3.48,2511.3,0.5488,severe
id_130009,Al-Mahjar,2002,6.0,4.0,270.0,1.0,full,,1.0,2077.5,2086.0,0.2065,0.0006013,1.695,0.9979,228,0.0,False,0.0,stage_1_fast_path,180.57,45.14,0.007154,0.08752,84.93,17.851389,43.713889,0.6,0.6,8.5,2.125,A,height_noise,1,2.975,2410.8,0.4665,high
id_130010,Al-Yatim,2009,10.0,8.0,111.0,0.3,full,,1.0,1858.0,1865.9,0.03435,0.0061,1.6113,0.9856,38,0.0,False,0.0,stage_2_upstream_walk,180.4,22.55,0.001092,0.1307,13.58,18.190546,43.879979,0.1297,0.4324,7.896,0.987,B,-,0,3.308,2511.3,0.1958,moderate
id_130011,Makhdab,2010,8.0,5.0,241.0,0.3437,full,,1.0,1310.0,1314.93,0.02527,0.1257,1.2515,0.9728,28,0.0,False,0.0,stage_1_fast_path,150.22,30.04,0.01757,0.2147,180.96,18.453333,44.093333,0.04333,0.1261,4.932,0.9863,C,sub_pixel,1,3.74,2582.9,1.0,fully_silted
id_130012,Thar,2004,12.0,9.0,70.0,0.36,full,,1.0,1385.0,1395.0,0.1068,0.002982,1.6092,0.9949,118,0.0,True,0.0,stage_2_upstream_walk,210.58,23.4,0.0885,0.233,368.18,17.980556,44.002778,0.3624,1.007,10.0,1.111,A,-,0,3.422,2537.6,1.0,fully_silted
id_130013,Humayran,2016,20.0,18.0,76.0,0.4918,full,,1.0,1722.5,1741.5,0.08415,0.03156,1.4636,0.993,93,0.0,True,0.0,stage_1_fast_path,150.4,8.356,0.02637,0.2625,38.67,18.013889,43.858056,0.5126,1.042,19.0,1.056,A,-,0,3.646,2511.3,0.2205,moderate
id_130014,Al-Ashah,2009,11.0,8.0,196.0,0.27,full,,1.0,2126.0,2134.24,0.07787,0.01359,1.483,0.992,86,0.0,False,0.0,stage_1_fast_path,180.54,22.57,0.01155,0.1315,32.73,17.920078,43.698473,0.263,0.974,8.245,1.031,A,-,0,2.609,2410.8,0.4136,high
id_130015,Qatan,2009,13.0,10.0,123.0,0.7585,full,,1.0,1524.0,1534.0,0.2142,0.0001328,1.8325,0.9968,237,0.0,True,0.0,stage_1_fast_path,90.2,9.02,0.03682,0.3441,94.93,18.189722,44.015833,0.8083,1.066,10.0,1.0,A,-,0,3.343,2537.6,0.5471,severe
id_130016,(Surum) Halal,2008,12.0,12.0,222.0,0.5856,,,,,,,,,,,,,,,240.88,20.07,0.02517,0.3592,311.5,17.64983,43.866401,,,,,,,,8.488,2454.7,1.0,fully_silted
id_130017,Al-Khadarah,2002,10.0,4.0,355.0,0.6,full,,1.0,2119.0,2122.87,0.08059,0.01405,1.4257,0.9787,89,0.0,False,0.0,stage_1_fast_path,331.01,82.75,0.02757,0.1525,19.39,17.894749,43.69264,0.1349,0.2249,3.869,0.9672,C,height_noise,1,4.361,2410.8,0.2602,high
id_130018,Na'wan,2011,12.0,9.0,216.0,0.532,full,,1.0,1280.5,1298.5,0.1834,2.198,1.0311,0.9945,203,0.0,True,0.0,stage_3_quality_recovery,270.55,30.06,0.003341,0.1939,29.17,18.222778,44.329722,0.6027,1.133,18.0,2.0,A,-,0,2.817,2600.6,0.1782,moderate
id_130019,Al-Safah,2008,9.0,2.0,198.0,0.3663,full,,1.0,1848.5,1853.67,0.01355,0.0002831,1.9572,0.9862,15,0.0,False,,stage_6_fallback,150.28,75.14,0.009999,0.1928,15.78,18.313056,43.853056,0.03365,0.09187,5.168,2.584,D,sub_pixel;height_noise,2,3.881,2537.9,0.2315,moderate
id_130020,Tarimah,2010,19.0,16.0,115.0,2.0735,full,,1.0,1309.0,1321.11,0.1521,0.0003587,1.7972,0.9934,168,0.0,False,0.0,stage_1_fast_path,90.27,5.642,0.06792,0.3616,320.3,17.892778,44.095,0.8012,0.3864,12.11,0.7571,B,-,0,4.251,2539.6,0.8082,severe
id_130021,Al-Malihah,2010,17.0,14.0,121.0,0.471,full,,1.0,1959.5,1971.0,0.1376,0.01845,1.4548,0.9966,152,0.0,True,0.0,stage_1_fast_path,180.52,12.89,0.0178,0.1906,84.23,17.945123,43.780487,0.5291,1.123,11.5,0.8214,A,-,0,3.135,2458.8,0.69,severe
id_130022,Akadhaba,2010,6.0,4.0,180.0,0.25,full,,1.0,1386.5,1390.63,0.03074,0.0002198,1.873,0.9774,34,0.0,False,0.0,stage_3_quality_recovery,90.2,22.55,0.001604,0.1855,4.349,18.136111,44.256667,0.06238,0.2495,4.127,1.032,C,height_noise,1,4.348,2596.3,0.09309,low
id_130023,Al-Athibah,2001,14.0,11.0,45.0,0.4374,full,,1.0,1482.5,1494.18,0.06255,0.002423,1.6751,0.9943,69,0.0,False,0.0,stage_5_relaxed_alignment,150.54,13.69,0.085,0.2693,36.82,17.626417,44.205858,0.2772,0.6338,11.68,1.062,A,-,0,4.347,2535.8,0.7037,severe
id_130024,Hadadah,2002,8.0,6.0,80.0,0.5,full,,1.0,1800.5,1805.67,0.04353,9.47e-06,2.1548,0.9905,48,0.0,False,0.0,stage_5_relaxed_alignment,180.69,30.12,0.06908,0.3055,143.37,17.596111,43.731389,0.09727,0.1945,5.166,0.861,C,-,0,6.945,2378.1,1.0,fully_silted
id_130025,Al-Haj,2009,7.0,5.0,806.0,0.578,full,,1.0,1318.0,1333.16,0.2113,1.274,1.066,0.9893,233,0.0,False,0.0,stage_1_fast_path,421.58,84.32,0.01885,0.2379,19.49,17.570556,44.1875,0.6769,1.171,15.16,3.032,D,-,0,7.245,2535.8,0.3195,high
id_130026,Al-Sharam,2015,15.5,11.625,95.0,0.1631,full,,1.0,2020.5,2033.5,0.05257,0.8656,1.1302,0.9959,58,0.0,True,0.0,stage_2_upstream_walk,331.16,28.49,0.018,0.2267,212.96,17.741111,43.586944,0.1856,1.138,13.0,1.118,A,-,0,6.048,2410.8,1.0,fully_silted
id_130027,Qurdah,2018,10.0,7.5,156.0,0.2429,full,,1.0,1456.5,1465.0,0.1058,0.02112,1.4204,0.9944,117,0.0,True,0.0,stage_3_quality_recovery,120.26,16.03,0.001906,0.2306,18.67,18.184444,44.113333,0.2913,1.199,8.5,1.133,A,-,0,4.395,2537.6,0.2079,moderate
id_130028,Matarah Al-Qaran,2025,29.0,21.75,136.0,2.0544,full,,1.0,1786.5,1814.0,0.2293,0.02008,1.4935,0.9978,253,0.0,True,0.0,stage_3_quality_recovery,180.62,8.304,0.02382,0.4055,574.84,17.756433,43.673874,2.083,1.014,27.5,1.264,A,-,0,5.007,2410.8,0.1078,moderate
